open,close,high,low,volume,time,ret
335.35,334.75,338.0,329.78,28918013,2022-01-03,-0.017147124719940288
334.83,329.01,335.2,326.12,32674306,2022-01-04,-0.03838789094556394
325.86,316.38,326.07,315.98,40054327,2022-01-05,-0.007901890132119616
313.15,313.88,318.7,311.49,39646148,2022-01-06,0.000509748948642974
314.15,314.04,316.5,310.09,32720018,2022-01-07,0.0007323907782446071
309.485,314.27,314.72,304.69,44289467,2022-01-10,0.002259203869284576
313.38,314.98,316.61,309.89,29386774,2022-01-11,0.010445107625880912
319.67,318.27,323.41,317.08,34372217,2022-01-12,-0.04232255632010551
320.4658,304.8,320.88,304.0,45365979,2022-01-13,0.017716535433070835
304.25,310.2,310.82,303.75,39846414,2022-01-14,-0.024339136041263698
304.07,302.65,309.8,301.74,42434112,2022-01-18,0.0022468197587972583
306.29,303.33,313.9093,302.7,45933855,2022-01-19,-0.00570335937757549
309.07,301.6,311.6494,301.14,35380675,2022-01-20,-0.018468169761273412
302.685,296.03,304.11,295.61,57984403,2022-01-21,0.0011485322433537615
292.2,296.37,297.11,276.05,86035393,2022-01-24,-0.026588386138947873
291.52,288.49,294.99,285.17,72848638,2022-01-25,0.028493188672050973
307.985,296.71,308.5,293.03,90428853,2022-01-26,0.010549020929527142
302.66,299.84,307.3,297.93,53481317,2022-01-27,0.028081643543223178
300.23,308.26,308.48,294.45,49743698,2022-01-28,0.00882372023616429
308.95,310.98,312.38,306.37,46444536,2022-01-31,-0.007138722747443649
310.41,308.76,310.63,305.1293,40950396,2022-02-01,0.015222179038735462
309.63,313.46,315.12,308.88,36635989,2022-02-02,-0.03895233841638479
309.49,301.25,311.23,299.96,43729972,2022-02-03,0.015568464730290499
300.21,305.94,308.8,299.97,35096488,2022-02-04,-0.016310387657710645
306.17,300.95,307.84,299.9,28533286,2022-02-07,0.011995348064462563
301.25,304.56,305.561,299.95,32421188,2022-02-08,0.021834778040451752
309.865,311.21,311.93,307.39,31284671,2022-02-09,-0.028373124256932614
304.04,302.38,309.12,300.7,45386199,2022-02-10,-0.02427409220186516
303.19,295.04,304.29,294.22,39175620,2022-02-11,-0.00013557483731030384
293.77,295.0,296.76,291.35,36359487,2022-02-14,0.018542372881356073
300.008,300.47,300.8,297.02,27379488,2022-02-15,-0.003228275701401273
298.365,299.5,300.87,293.68,29982121,2022-02-16,-0.029282136894824617
296.36,290.73,296.8,290.0,32461580,2022-02-17,-0.009630929040690739
293.05,287.93,293.86,286.305,34264008,2022-02-18,-0.0007293439377625832
285.0,287.72,291.54,284.5,41736117,2022-02-22,-0.02589322952870865
290.18,280.27,291.7,280.1,37811167,2022-02-23,0.05109358832554323
272.51,294.59,295.16,271.52,56989686,2022-02-24,0.009233171526528583
295.14,297.31,297.63,291.655,32546721,2022-02-25,0.004977969123137527
294.31,298.79,299.14,293.0,34627457,2022-02-28,-0.012851835737474615
296.4,294.95,299.97,292.15,31217778,2022-03-01,0.017765723003899003
295.36,300.19,301.47,293.698,31873007,2022-03-02,-0.014224324594423465
302.89,295.92,303.13,294.05,27314469,2022-03-03,-0.0204785077047851
294.29,289.86,295.66,287.165,32369655,2022-03-04,-0.03777685779341744
288.53,278.91,289.69,278.53,43157178,2022-03-07,-0.010971281058405946
277.8,275.85,283.96,270.0,48159475,2022-03-08,0.045858256298712874
283.44,288.5,289.6,280.78,35204480,2022-03-09,-0.010086655112651721
283.02,285.59,286.6,280.58,30628012,2022-03-10,-0.019328407857417962
287.96,280.07,289.51,279.43,27209330,2022-03-11,-0.012961045452922426
280.34,276.44,285.3992,275.82,30660747,2022-03-14,0.03874258428592081
280.35,287.15,287.82,278.725,34245085,2022-03-15,0.025213303151663036
289.11,294.39,294.57,283.2,37826329,2022-03-16,0.002819389245558801
293.29,295.22,295.61,289.37,30816633,2022-03-17,0.017647855836325332
295.37,300.43,301.0,292.73,43390625,2022-03-18,-0.004227274240255596
298.89,299.16,300.14,294.9,28351245,2022-03-21,0.016379195079555986
299.8,304.06,305.0,298.77,27599689,2022-03-22,-0.015029928303624263
300.51,299.49,303.23,297.7201,25715377,2022-03-23,0.015392834485291607
299.14,304.1,304.2,298.315,24484456,2022-03-24,-0.0013811246300559077
305.23,303.68,305.5,299.2855,22566453,2022-03-25,0.023116438356164393
304.33,310.7,310.8,304.33,29578188,2022-03-28,0.01515931766977796
313.91,315.41,315.82,309.05,30393403,2022-03-29,-0.004914238610063126
313.76,313.86,315.95,311.58,28163555,2022-03-30,-0.01768304339514437
313.9,308.31,315.14,307.89,33422070,2022-03-31,0.0036002724530506125
309.37,309.42,310.13,305.54,27110529,2022-04-01,0.017936784952491847
310.09,314.97,315.11,309.71,24335868,2022-04-04,-0.012985363685430462
313.27,310.88,314.865,309.87,23156719,2022-04-05,-0.0366057642820381
305.19,299.5,307.0,296.71,40110372,2022-04-06,0.006243739565943152
296.66,301.37,303.65,296.35,31411155,2022-04-07,-0.014599993363639263
300.44,296.97,301.12,296.28,24361917,2022-04-08,-0.039431592416742545
291.79,285.26,292.61,285.0,34569264,2022-04-11,-0.011217836359812106
289.235,282.06,290.739,280.49,30966721,2022-04-12,0.019712117989080236
282.73,287.62,288.58,281.3,21907176,2022-04-13,-0.027084347402823283
288.09,279.83,288.305,279.32,28221607,2022-04-14,0.0024657827966980683
278.91,280.52,282.46,278.34,20778000,2022-04-18,0.017039783259660712
279.38,285.3,286.17,278.41,22297720,2022-04-19,0.0037153873116018143
289.4,286.36,289.7,285.3702,22906667,2022-04-20,-0.0193811984914094
288.58,280.81,293.3,280.06,29454587,2022-04-21,-0.024144439300594844
281.68,274.03,283.2,273.38,29405798,2022-04-22,0.024413385395759768
273.29,280.72,281.11,270.77,35678852,2022-04-25,-0.037403818751781115
277.5,270.22,278.3599,270.0,46518445,2022-04-26,0.04810894826437706
282.1,283.22,290.97,279.16,63477694,2022-04-27,0.022632582444742422
285.185,289.63,290.98,281.4562,33646570,2022-04-28,-0.041811966992369665
288.61,277.52,289.88,276.5,37073923,2022-04-29,0.025043240126837896
277.71,284.47,284.94,276.22,35151105,2022-05-02,-0.009456181671178121
283.96,281.78,284.13,280.15,25978605,2022-05-03,0.02910071687131821
282.59,289.98,290.88,276.73,33599320,2022-05-04,-0.043554727912269775
285.54,277.35,286.35,274.34,43260386,2022-05-05,-0.009446547683432449
274.805,274.73,279.25,271.27,37780322,2022-05-06,-0.036945364539730075
270.06,264.58,272.36,263.32,47725952,2022-05-09,0.018595509864691273
271.69,269.5,273.75,265.07,39336424,2022-05-10,-0.033209647495361705
265.68,260.55,271.36,259.3,48975898,2022-05-11,-0.019957781615812742
257.69,255.35,259.88,250.02,51033802,2022-05-12,0.02259643626395147
257.35,261.12,263.04,255.35,34925093,2022-05-13,0.001455269607843146
259.955,261.5,265.82,255.78,32550933,2022-05-16,0.020344168260038265
266.11,266.82,268.33,262.46,28828799,2022-05-17,-0.04774754516153201
263.0,254.08,263.6,252.77,31355985,2022-05-18,-0.003699622166246974
253.9,253.14,257.67,251.88,32692286,2022-05-19,-0.0022912222485580447
257.24,252.56,258.54,246.44,39199279,2022-05-20,0.03203199239784604
255.49,260.65,261.5,253.43,33175379,2022-05-23,-0.003951659313255251
257.89,259.62,261.33,253.5,29043904,2022-05-24,0.011170171789538497
258.14,262.52,264.58,257.125,28547947,2022-05-25,0.01287520950784704
262.27,265.9,267.11,261.4294,25002105,2022-05-26,0.027604362542309246
268.48,273.24,273.34,267.56,26910806,2022-05-27,-0.0050139071878202435
272.53,271.87,274.77,268.93,37827695,2022-05-31,0.002023025710817805
275.195,272.42,277.69,270.04,25292174,2022-06-01,0.007928933264811588
264.45,274.58,274.65,261.6,44008209,2022-06-02,-0.01660718187777699
270.31,270.02,273.45,268.41,28058958,2022-06-03,-0.0047033553070142675
272.06,268.75,274.18,267.22,22400342,2022-06-06,0.013953488372093092
266.635,272.5,273.13,265.94,22860677,2022-06-07,-0.007669724770642095
271.71,270.41,273.0,269.61,17372341,2022-06-08,-0.02078325505713552
267.78,264.79,272.7081,264.63,26439728,2022-06-09,-0.044563616450772336
260.58,252.99,260.58,252.53,31445841,2022-06-10,-0.042412743586703106
245.11,242.26,249.0242,241.53,46135788,2022-06-13,0.009204986378271274
243.86,244.49,245.74,241.51,28651487,2022-06-14,0.029735367499693188
248.31,251.76,255.3,246.42,33111729,2022-06-15,-0.026970130282809035
245.98,244.97,247.4174,243.02,33169160,2022-06-16,0.010940115116136795
244.7,247.65,250.5,244.03,43084780,2022-06-17,0.024591156874621545
250.255,253.74,254.75,249.51,29928297,2022-06-21,-0.0024040356270198515
251.89,253.13,257.17,250.37,25961215,2022-06-22,0.022636589894520665
255.57,258.86,259.37,253.63,25861449,2022-06-23,0.03414973344665051
261.808,267.7,267.98,261.72,33923231,2022-06-24,-0.010496824803884919
268.205,264.89,268.3,263.28,24615114,2022-06-27,-0.03174902789837275
263.98,256.48,266.91,256.32,27380247,2022-06-28,0.014737991266375428
257.59,260.26,261.97,255.76,20069839,2022-06-29,-0.013179128563743925
257.05,256.83,259.53,252.9,31730868,2022-06-30,0.010707471868551144
256.39,259.58,259.77,254.61,22837692,2022-07-01,0.012597272517143265
256.16,262.85,262.98,254.74,22971634,2022-07-05,0.012782956058588368
263.75,266.21,267.99,262.4,23824419,2022-07-06,0.008226588032004711
265.12,268.4,269.055,265.02,20859874,2022-07-07,-0.002757078986587058
264.79,267.66,268.1,263.285,19658751,2022-07-08,-0.0117686617350371
265.65,264.51,266.53,262.18,19519108,2022-07-11,-0.04098143737476845
265.88,253.67,265.94,252.04,35868450,2022-07-12,-0.0037450230614577418
250.19,252.72,253.55,248.11,29497423,2022-07-13,0.005381449825894391
250.57,254.08,255.1374,245.94,25102823,2022-07-14,0.010390428211586977
255.72,256.72,260.3699,254.7727,29774050,2022-07-15,-0.00962137737612978
259.75,254.25,260.84,253.3,20975034,2022-07-18,0.02076696165191727
257.575,259.53,259.72,253.68,25012562,2022-07-19,0.010557546333757273
259.9,262.27,264.87,258.91,22788282,2022-07-20,0.009799062035307005
259.79,264.84,264.89,257.03,22404675,2022-07-21,-0.016915873735085185
265.24,260.36,265.33,259.07,21881290,2022-07-22,-0.005876478721769995
260.995,258.83,261.5,256.81,21055998,2022-07-25,-0.026774330641733846
259.86,251.9,259.88,249.57,39347957,2022-07-26,0.0668519253672093
261.16,268.74,270.05,258.85,45994049,2022-07-27,0.02854059685941812
269.75,276.41,277.84,267.87,33459327,2022-07-28,0.015665135125357166
277.7,280.74,282.0,276.63,32152752,2022-07-29,-0.009724300064116287
277.82,278.01,281.28,275.84,21539580,2022-08-01,-0.011474407395417385
276.0,274.82,277.89,272.38,22754184,2022-08-02,0.027836402008587502
276.76,282.47,283.5,276.61,23518874,2022-08-03,0.0041774347718339655
281.8,283.65,283.8,280.1677,18098668,2022-08-04,-0.0026088489335447385
279.15,282.91,283.65,278.68,16774606,2022-08-05,-0.009154854900851994
284.05,280.32,285.92,279.32,18757818,2022-08-08,0.007063356164383583
279.64,282.3,283.08,277.61,23405238,2022-08-09,0.024300389656394028
288.17,289.16,289.81,286.94,24687845,2022-08-10,-0.007400746991285234
290.85,287.02,291.21,286.51,20065938,2022-08-11,0.017037140268970852
288.48,291.91,291.91,286.94,22619675,2022-08-12,0.005344112911513932
291.0,293.47,294.18,290.11,18085654,2022-08-15,-0.002589702524960158
291.99,292.71,294.04,290.42,18102882,2022-08-16,-0.004748727409381259
289.74,291.32,293.35,289.47,18253358,2022-08-17,-0.003947549086914637
290.189,290.17,291.91,289.08,17186192,2022-08-18,-0.013853947685839474
288.9,286.15,289.25,285.56,20570033,2022-08-19,-0.029355233269264258
282.08,277.75,282.46,277.22,25061070,2022-08-22,-0.004716471647164711
276.44,276.44,278.86,275.4,17527409,2022-08-23,-0.0023513239762695815
275.41,275.79,277.23,275.11,18137019,2022-08-24,0.011095398672903212
277.33,278.85,279.02,274.52,16583407,2022-08-25,-0.038587053971669505
279.08,268.09,280.34,267.98,27549307,2022-08-26,-0.010668059233839178
265.85,265.23,267.4,263.85,20338544,2022-08-29,-0.008520906383139182
266.67,262.97,267.05,260.66,22767071,2022-08-30,-0.005704072707913399
265.39,261.47,267.11,261.33,24791834,2022-08-31,-0.004092247676597882
258.87,260.4,260.89,255.41,23263431,2022-09-01,-0.016666666666666607
261.695,256.06,264.74,254.47,22855380,2022-09-02,-0.010973990470983352
256.2,253.25,257.83,251.94,21328242,2022-09-06,0.01911154985192498
254.7,258.09,258.83,253.22,24126700,2022-09-07,0.0016660854740595532
257.51,258.52,260.43,254.79,20319911,2022-09-08,0.022976945690855732
260.5,264.46,265.23,260.29,22093190,2022-09-09,0.008281025485895821
265.78,266.65,267.45,265.16,18747690,2022-09-12,-0.05497843615225939
258.84,251.99,260.4,251.59,33353318,2022-09-13,0.0009127346323265506
253.53,252.22,254.23,249.86,23912954,2022-09-14,-0.02711918166679883
249.77,245.38,251.4,244.02,31530948,2022-09-15,-0.002608199527263766
244.26,244.74,245.3,242.0627,39791768,2022-09-16,-0.0008989131323036137
242.465,244.52,245.14,240.85,26826931,2022-09-19,-0.008465565188941704
242.065,242.45,243.51,239.64,26660299,2022-09-20,-0.014435966178593551
244.27,238.95,247.66,238.9,28625557,2022-09-21,0.008495501150868279
237.8704,240.98,243.86,237.57,31061162,2022-09-22,-0.012698149224002031
239.54,237.92,241.13,235.2,34176048,2022-09-23,-0.0019754539340954835
237.045,237.45,241.45,236.9,27694190,2022-09-26,-0.004379869446199169
239.98,236.41,241.8,234.5,27018732,2022-09-27,0.019711518125290706
236.81,241.07,242.33,234.73,29029679,2022-09-28,-0.014808976645787508
238.89,237.5,239.95,234.41,27484233,2022-09-29,-0.01936842105263159
238.29,232.9,240.54,232.73,35694832,2022-09-30,0.033662516101331086
235.41,240.74,241.61,234.66,28880357,2022-10-03,0.03381241173049765
245.09,248.88,250.36,244.975,34888416,2022-10-04,0.0012857602057216866
245.99,249.2,250.58,244.1,20347136,2022-10-05,-0.009670947030497534
247.93,246.79,250.34,246.08,20239886,2022-10-06,-0.05085295190242711
240.902,234.24,241.32,233.17,37769602,2022-10-07,-0.02130293715846998
233.05,229.25,234.559,226.73,29743608,2022-10-10,-0.01675027262813522
227.62,225.41,229.06,224.11,30473954,2022-10-11,0.0015083625393728095
225.4,225.75,227.86,223.96,21903937,2022-10-12,0.03760797342192701
219.85,234.24,236.1,219.13,42551818,2022-10-13,-0.02424863387978149
235.54,228.56,237.24,228.34,30198588,2022-10-14,0.03924571228561424
235.82,237.53,238.96,235.135,28142268,2022-10-17,0.004083694691196849
243.24,238.5,243.93,235.37,26329591,2022-10-18,-0.008469601677148941
237.04,236.48,239.61,234.29,19985698,2022-10-19,-0.0013954668470905762
235.77,236.15,241.31,234.87,21811015,2022-10-20,0.02528054202837171
234.74,242.12,243.0,234.5,26299733,2022-10-21,0.021187840740128916
243.76,247.25,247.84,241.295,24911212,2022-10-24,0.013791708796764501
247.26,250.66,251.04,245.83,34775505,2022-10-25,-0.07715630734859968
231.17,231.32,238.3,230.06,82684846,2022-10-26,-0.01975618191250217
231.04,226.75,233.69,225.78,40424645,2022-10-27,0.040220507166482955
226.24,235.87,236.6,226.05,40647724,2022-10-28,-0.01585619197015309
233.76,232.13,234.92,231.15,28357265,2022-10-31,-0.017059406367121888
234.6,228.17,235.74,227.325,30592271,2022-11-01,-0.035368365692246995
229.46,220.1,231.3,220.04,38407008,2022-11-02,-0.02657882780554288
220.09,214.25,220.41,213.98,36633922,2022-11-03,0.033325554259043155
217.55,221.39,221.59,213.431,36789063,2022-11-04,0.029269614707078118
221.99,227.87,228.41,221.28,33497979,2022-11-07,0.004388467108439098
228.7,228.87,231.65,225.84,28192548,2022-11-08,-0.019050115786254262
227.37,224.51,228.6327,224.33,27852910,2022-11-09,0.08226805042091656
235.43,242.98,243.33,235.0,46268021,2022-11-10,0.01699728372705578
242.99,247.11,247.99,241.93,34620246,2022-11-11,-0.022500101169519615
241.985,241.55,243.91,239.21,31123340,2022-11-14,0.0017387704409024263
245.66,241.97,247.0,240.03,31390117,2022-11-15,-0.0009918584948547249
242.79,241.73,243.8,240.42,24093272,2022-11-16,-0.00020684234476475716
237.78,241.68,243.25,237.63,23123544,2022-11-17,-0.0019033432638199121
243.51,241.22,243.74,239.03,27613523,2022-11-18,0.0034408423845453395
241.43,242.05,244.67,241.19,26394700,2022-11-21,0.012311505887213414
243.59,245.03,245.31,240.71,19665699,2022-11-22,0.010406888952373183
245.105,247.58,248.28,244.27,19508462,2022-11-23,-0.0003635188625898955
247.31,247.49,248.7,246.73,9200772,2022-11-25,-0.0231524506040649
246.08,241.76,246.65,240.8,24810271,2022-11-28,-0.005914956982130959
241.4,240.33,242.79,238.21,17956313,2022-11-29,0.061623600882120266
240.57,255.14,255.33,239.86,47594239,2022-11-30,-0.0017637375558516855
253.87,254.69,256.12,250.9156,26041524,2022-12-01,0.0012956928030154469
249.82,255.02,256.06,249.69,21528520,2022-12-02,-0.01890047839385156
252.01,250.2,253.819,248.06,23435294,2022-12-05,-0.020303756994404454
250.82,245.12,251.86,243.78,22463727,2022-12-06,-0.0030597258485639545
244.83,244.37,246.16,242.205,20481522,2022-12-07,0.012399230674796424
244.84,247.4,248.74,243.06,22611757,2022-12-08,-0.008003233629749418
244.695,245.42,248.31,244.16,20609743,2022-12-09,0.028889251079781575
247.445,252.51,252.54,247.17,30665069,2022-12-12,0.017464654865154028
261.69,256.92,263.915,253.07,42196884,2022-12-13,0.0011676786548342477
257.13,257.22,262.588,254.31,35410933,2022-12-14,-0.031918202317082756
253.72,249.01,254.2,247.34,35568093,2022-12-15,-0.01734870085538731
248.55,244.69,249.84,243.51,86101994,2022-12-16,-0.017328047733867424
244.86,240.45,245.21,238.71,29696436,2022-12-19,0.005614472863381348
239.4,241.8,242.91,238.42,25150802,2022-12-20,0.010876757650951197
241.69,244.43,245.615,240.11,23690607,2022-12-21,-0.025528781246164534
241.255,238.19,241.99,233.87,28651664,2022-12-22,0.0022670976951173483
236.11,238.73,238.87,233.9428,21206982,2022-12-23,-0.007414233653080804
238.7,236.96,238.93,235.83,16688648,2022-12-27,-0.010254895340985892
236.89,234.53,239.72,234.17,17457104,2022-12-28,0.027629727540186666
235.65,241.01,241.92,235.65,19770693,2022-12-29,-0.004937554458321225
238.21,239.82,239.96,236.66,21938472,2022-12-30,-0.001000750562922148
243.08,239.58,245.75,237.4,25740036,2023-01-03,-0.04374321729693642
232.275,229.1,232.87,225.96,50623394,2023-01-04,-0.02963771278917504
227.2,222.31,227.55,221.7602,39585623,2023-01-05,0.01178534478880855
223.0,224.93,225.7601,219.35,43613574,2023-01-06,0.009736362423865108
226.45,227.12,231.2366,226.41,27369784,2023-01-09,0.007617118703768799
227.755,228.85,231.31,227.33,27033881,2023-01-10,0.030238147258029313
231.29,235.77,235.95,231.11,28669331,2023-01-11,0.011621495525300007
235.26,238.51,239.9,233.56,27269486,2023-01-12,0.0030187413525637474
237.002,239.23,239.37,234.92,21333265,2023-01-13,0.0046816870793797705
237.97,240.35,240.91,237.09,29831257,2023-01-17,-0.0188891200332848
241.565,235.81,242.38,235.52,30028692,2023-01-18,-0.016453924769941897
233.78,231.93,235.52,230.68,28623033,2023-01-19,0.035743543310481574
234.855,240.22,240.74,234.51,35389809,2023-01-20,0.009824327699608837
241.1,242.58,245.165,239.65,31933951,2023-01-23,-0.0022260697501855775
242.5,242.04,243.95,240.44,40234444,2023-01-24,-0.005908114361262484
234.48,240.61,243.3,230.9,66526641,2023-01-25,0.030713602925896533
243.65,248.0,248.31,242.0,33454491,2023-01-26,0.00064516129032266
248.99,248.16,249.83,246.83,26498939,2023-01-27,-0.021961637653126975
244.51,242.71,245.6,242.2,25867365,2023-01-30,0.021012731243047256
243.45,247.81,247.95,242.945,26541072,2023-01-31,0.019934627335458588
248.0,252.75,255.18,245.47,31259912,2023-02-01,0.04688427299703268
258.82,264.6,264.69,257.25,39940437,2023-02-02,-0.02362055933484508
259.542,258.35,264.2,257.1,29077256,2023-02-03,-0.006115734468744138
257.44,256.77,258.3,254.78,22517997,2023-02-06,0.04202204307356783
260.53,267.56,268.775,260.08,50841365,2023-02-07,-0.003102107938406262
273.2,266.73,276.76,266.21,54686049,2023-02-08,-0.01165973081393179
273.8,263.62,273.98,262.8,42375102,2023-02-09,-0.001972536226386379
261.53,263.1,264.09,260.662,25818489,2023-02-10,0.03124287343215504
267.64,271.32,274.6,267.15,44630921,2023-02-13,0.0031328320802006537
272.67,272.17,274.97,269.28,37047924,2023-02-14,-0.010471396553624612
268.32,269.32,270.73,266.18,28962163,2023-02-15,-0.02662260507945946
264.02,262.15,266.74,261.9,29603616,2023-02-16,-0.015601754720579675
259.39,258.06,260.09,256.0,30000055,2023-02-17,-0.020886615515771534
254.48,252.67,255.49,251.59,28397444,2023-02-21,-0.004590968456880451
254.09,251.51,254.34,250.34,22491056,2023-02-22,0.012961711263965725
255.56,254.77,256.84,250.48,29219095,2023-02-23,-0.021784354515837823
249.96,249.22,251.0,248.1,24990905,2023-02-24,0.003771767915897506
252.46,250.16,252.82,249.39,21190042,2023-02-27,-0.0029581068116405485
249.07,249.42,251.49,248.73,22490950,2023-02-28,-0.012629299975944086
250.76,246.27,250.93,245.79,27565259,2023-03-01,0.019653226133918178
246.55,251.11,251.4,245.61,24833646,2023-03-02,0.01664609135438644
252.19,255.29,255.62,251.39,30760136,2023-03-03,0.006189039915390326
256.425,256.87,260.12,255.98,24109849,2023-03-06,-0.010589013898080757
256.3,254.15,257.69,253.39,21473179,2023-03-07,-0.0017706079087154158
254.04,253.7,254.5417,250.81,17340217,2023-03-08,-0.005439495467087108
255.82,252.32,259.56,251.58,26653387,2023-03-09,-0.014782815472415889
251.08,248.59,252.79,247.6,28333930,2023-03-10,0.021440926827305917
247.4,253.92,257.91,245.73,33339721,2023-03-13,0.0270557655954633
256.75,260.79,261.07,255.86,33620293,2023-03-14,0.017830438283676475
259.98,265.44,266.48,259.21,46028047,2023-03-15,0.040536467751657534
265.205,276.2,276.56,263.28,54832140,2023-03-16,0.011694424330195519
278.26,279.43,283.33,276.3201,69527371,2023-03-17,-0.02576673943384744
276.98,272.23,277.48,269.85,43466649,2023-03-20,0.005693714873452382
274.88,273.78,275.0,269.5191,34558704,2023-03-21,-0.0054423259551462655
273.4,272.29,281.04,272.18,34873330,2023-03-22,0.019721620331264456
277.94,277.66,281.06,275.2,36610879,2023-03-23,0.010480443708132059
277.24,280.57,280.63,275.28,28199962,2023-03-24,-0.014933884592080449
280.5,276.38,281.4589,275.52,26840212,2023-03-27,-0.004160937839206791
275.79,275.23,276.14,272.0451,21878647,2023-03-28,0.019183955237437766
278.96,280.51,281.1398,278.41,25087032,2023-03-29,0.01261987094934236
284.23,284.05,284.46,281.48,25053410,2023-03-30,0.01496215455025518
283.73,288.3,289.27,283.0,32765976,2023-03-31,-0.003711411723898661
286.52,287.23,288.27,283.95,24883342,2023-04-03,-0.00017407652404000107
287.23,287.18,290.4499,285.67,25824299,2023-04-04,-0.009889268054878553
285.85,284.34,287.15,282.92,22064770,2023-04-05,0.025532812829710982
283.21,291.6,292.08,282.03,29770334,2023-04-06,-0.007578875171467936
289.208,289.39,289.6,284.71,23102994,2023-04-10,-0.022668371401914356
285.75,282.83,285.98,281.64,27276589,2023-04-11,0.0023335572605451826
284.79,283.49,287.01,281.96,27403432,2023-04-12,0.02239937916681356
283.59,289.84,289.9,283.17,24222678,2023-04-13,-0.012765663814518269
287.0,286.14,288.48,283.69,20987917,2023-04-14,0.009296148738379806
289.93,288.8,291.6,286.16,23836223,2023-04-17,-0.0014889196675900163
291.57,288.37,291.755,287.01,20161845,2023-04-18,0.0002774213683809368
285.99,288.45,289.05,284.54,17150271,2023-04-19,-0.008112324492979606
285.25,286.11,289.03,285.08,23244363,2023-04-20,-0.001223305721575696
285.01,285.76,286.27,283.0608,21676387,2023-04-21,-0.013962765957446832
282.09,281.77,284.95,278.72,26611014,2023-04-24,-0.022536111012527837
279.51,275.42,281.6,275.37,45772236,2023-04-25,0.07243482680996283
296.7,295.37,299.57,292.73,64599182,2023-04-26,0.03202762636692946
295.97,304.83,305.2,295.25,46462638,2023-04-27,0.00797165633303809
304.01,307.26,308.93,303.31,36469613,2023-04-28,-0.005532773546833236
306.97,305.56,308.6,305.15,21294115,2023-05-01,-0.000490901950517042
307.76,305.41,309.18,303.91,26404431,2023-05-02,-0.0033070298942406984
306.62,304.4,308.61,304.09,22360754,2023-05-03,0.0033180026281209862
306.24,305.41,307.7626,303.4,22519907,2023-05-04,0.017157264005762674
305.72,310.65,311.97,304.27,28197052,2023-05-05,-0.006438113632705633
310.13,308.65,310.2,306.09,21318613,2023-05-08,-0.005345861007613695
308.0,307.0,310.04,306.31,21340829,2023-05-09,0.01729641693811068
308.62,312.31,313.0,307.67,30078044,2023-05-10,-0.0070442829240178195
310.1,310.11,311.12,306.2601,31680179,2023-05-11,-0.0036761149269614046
310.55,308.97,310.65,306.6,19774696,2023-05-12,0.0015859144900798317
309.095,309.46,309.905,307.59,16336547,2023-05-15,0.007367672720222318
309.83,311.74,313.71,309.83,26730347,2023-05-16,0.007249631102842047
312.29,314.0,314.43,310.74,24315012,2023-05-17,0.0143949044585987
314.53,318.52,319.04,313.72,27275991,2023-05-18,-0.0005651136506341636
316.74,318.34,318.75,316.37,27546701,2023-05-19,0.008921279135515547
318.6,321.18,322.59,318.01,24115664,2023-05-22,-0.018432031882433586
320.03,315.26,322.72,315.25,30797173,2023-05-23,-0.004472498889805165
314.73,313.85,316.5,312.61,23384887,2023-05-24,0.03845786203600454
323.24,325.92,326.9,320.0,43301743,2023-05-25,0.02138561610211087
324.02,332.89,333.4,323.88,36630633,2023-05-26,-0.005046712127129149
335.23,331.21,335.74,330.52,29503070,2023-05-30,-0.008514235681289839
332.29,328.39,335.94,327.33,45950553,2023-05-31,0.012759219221048168
325.93,332.58,333.53,324.72,26773851,2023-06-01,0.00847916290817241
334.247,335.4,337.5,332.55,25873769,2023-06-02,0.001610017889087656
335.22,335.94,338.5599,334.6601,21307053,2023-06-05,-0.006727391796154003
335.33,333.68,335.37,332.17,20396223,2023-06-06,-0.030867897386717802
331.65,323.38,334.49,322.5,40717129,2023-06-07,0.0058135939142804904
323.935,325.26,326.64,323.35,23277708,2023-06-08,0.004703929164360909
324.99,326.79,329.99,324.41,22528950,2023-06-09,0.015483949937268537
328.58,331.85,332.0999,325.16,24306753,2023-06-12,0.007352719602229829
334.465,334.29,336.98,330.39,22951279,2023-06-13,0.00912381465194878
334.34,337.34,339.04,332.81,26003791,2023-06-14,0.03189660283393625
337.48,348.1,349.84,337.2,38899075,2023-06-15,-0.01657569663889702
351.32,342.33,351.47,341.95,46551985,2023-06-16,-0.012502556013203603
339.31,338.05,342.08,335.86,26375407,2023-06-20,-0.013282058867031488
336.37,333.56,337.73,332.07,25117799,2023-06-21,0.018437462525482617
334.12,339.71,340.12,333.34,23556764,2023-06-22,-0.013805893261899849
334.36,335.02,337.96,333.45,23146901,2023-06-23,-0.019163035042683907
333.72,328.6,336.11,328.49,21520582,2023-06-26,0.01816798539257447
331.86,334.57,336.15,329.3,24354110,2023-06-27,0.003825806258779929
334.66,335.85,337.98,333.81,20259523,2023-06-28,-0.0023820157808546183
334.71,335.05,336.11,332.62,16997042,2023-06-29,0.01638561408744965
337.75,340.54,342.73,337.2,26832756,2023-06-30,-0.007488107123979626
339.19,337.99,340.9,336.571,12508692,2023-07-03,0.00047338678659114564
335.09,338.15,341.65,334.7276,18172378,2023-07-05,0.009226674552713199
337.3,341.27,342.99,335.5,28195534,2023-07-06,-0.011867436340727178
339.32,337.22,341.79,337.0,21214824,2023-07-07,-0.015983630864124465
334.6,331.83,335.23,327.59,32791449,2023-07-10,0.0019286984299191623
331.06,332.47,332.86,327.0,26698218,2023-07-11,0.014226847535115938
336.6,337.2,341.652,335.67,29995262,2023-07-12,0.016192170818505547
339.56,342.66,343.74,339.02,20567159,2023-07-13,0.007529329364384552
347.59,345.24,351.43,344.31,28352729,2023-07-14,0.0014193025141930882
345.678,345.73,346.99,342.2,20363927,2023-07-17,0.039799843808752566
345.83,359.49,366.78,342.17,64872705,2023-07-18,-0.012267378786614436
361.75,355.08,362.46,352.435,39732901,2023-07-19,-0.02312155007322292
353.57,346.87,357.97,345.37,33778395,2023-07-20,-0.00893706575950648
349.15,343.77,350.3,339.83,69405382,2023-07-21,0.0038979550280711095
345.85,345.11,346.92,342.31,26719207,2023-07-24,0.01700906957202042
347.11,350.98,351.89,345.07,41637739,2023-07-25,-0.0376374722206394
341.44,337.77,344.67,333.11,58383702,2023-07-26,-0.020872191135979934
340.48,330.72,341.33,329.05,39635262,2023-07-27,0.023131349782293142
333.67,338.37,340.01,333.17,28484868,2023-07-28,-0.007240594615361862
336.92,335.92,337.695,333.36,25446022,2023-07-31,0.0012502976899260165
335.19,336.34,338.54,333.7,18381253,2023-08-01,-0.026282927989534355
333.63,327.5,333.63,326.3551,27761257,2023-08-02,-0.002564885496183167
326.0,326.66,329.88,325.95,18360352,2023-08-03,0.0034286414008446453
331.88,327.78,335.14,327.24,23741484,2023-08-04,0.007108426383550137
328.37,330.11,331.11,327.52,17741526,2023-08-07,-0.01229893065947718
326.96,326.05,328.75,323.0,22327574,2023-08-08,-0.011715994479374325
326.47,322.23,327.11,321.0499,22373268,2023-08-09,0.002172361356794772
326.015,322.93,328.26,321.18,20113725,2023-08-10,-0.005945560957483109
320.26,321.01,322.41,319.21,24355491,2023-08-11,0.009438958287903976
321.39,324.04,324.06,320.08,18836139,2023-08-14,-0.0067275644982101035
323.0,321.86,325.09,320.9034,16966285,2023-08-15,-0.004536133722736757
320.8,320.4,324.42,319.8035,20698864,2023-08-16,-0.01098626716604234
320.54,316.88,321.87,316.21,21257161,2023-08-17,-0.0012623074981065185
314.49,316.48,318.38,311.5508,24755012,2023-08-18,0.017062689585439772
317.93,321.88,322.77,317.04,24039956,2023-08-21,0.0018019137566793741
325.5,322.46,326.075,321.46,16102024,2023-08-22,0.014079265645351446
323.82,327.0,329.2,323.46,21166382,2023-08-23,-0.02149847094801216
332.85,319.97,332.98,319.96,23281434,2023-08-24,0.009407131918617306
321.47,322.98,325.36,318.8001,21684104,2023-08-25,0.0022292402006314216
325.66,323.7,326.15,321.722,14808482,2023-08-28,0.014550509731232841
321.88,328.41,328.9835,321.88,19284590,2023-08-29,0.0011570902225876978
328.67,328.79,329.81,326.445,15222110,2023-08-30,-0.003132698683050106
329.2,327.76,330.9099,326.78,26410954,2023-08-31,0.002745911642665577
331.31,328.66,331.99,326.78,14942024,2023-09-01,0.014878597943163152
329.0,333.55,334.85,328.66,18553859,2023-09-05,-0.0020086943486734565
333.38,332.88,334.46,330.18,17535773,2023-09-06,-0.008922134102379187
331.29,329.91,333.08,329.03,18380995,2023-09-07,0.013215725500894004
330.09,334.27,336.16,329.46,19548165,2023-09-08,0.010979148592455301
337.24,337.94,338.42,335.43,16583324,2023-09-11,-0.018257678877907413
335.815,331.77,336.79,331.48,17565482,2023-09-12,0.012930644723754492
331.31,336.06,336.85,331.17,16544412,2023-09-13,0.007855740046420312
339.148,338.7,340.86,336.57,20267048,2023-09-14,-0.025036905816356536
336.92,330.22,337.3975,329.65,37679792,2023-09-15,-0.0035128096420569133
327.8,329.06,330.4,326.36,16834208,2023-09-18,-0.0012459733787152372
326.17,328.65,329.39,324.51,16514487,2023-09-19,-0.023976875095085948
329.51,320.77,329.59,320.51,21436525,2023-09-20,-0.0038656981637934518
319.26,319.53,325.3499,315.0,35560362,2023-09-21,-0.007886583419397186
321.32,317.01,321.45,316.15,21447887,2023-09-22,0.0016718715497934244
316.59,317.54,317.67,315.0,17835964,2023-09-25,-0.01700573156137819
315.13,312.14,315.88,310.02,26297573,2023-09-26,0.0020823989235601026
312.3,312.79,314.299,309.69,19410082,2023-09-27,0.0027174781802485892
310.99,313.64,315.48,309.45,19683564,2023-09-28,0.006727458232368422
317.75,315.75,319.47,314.98,24147298,2023-09-29,0.01916072842438643
316.28,321.8,321.888,315.18,20570006,2023-10-02,-0.02613424487259175
320.83,313.39,321.39,311.215,21033492,2023-10-03,0.017757426848336033
314.03,318.955,320.04,314.0,20720144,2023-10-04,0.0012697715978744473
319.09,319.36,319.98,314.9,16965629,2023-10-05,0.024736973947895757
316.55,327.26,329.19,316.3,25673630,2023-10-06,0.007822526431583432
324.75,329.82,330.3,323.18,19891180,2023-10-09,-0.0043356982596568505
330.96,328.39,331.1,327.67,20557094,2023-10-10,0.012271993666067793
331.21,332.42,332.82,329.14,20063246,2023-10-11,-0.0037903856566993133
330.565,331.16,333.6299,328.72,19313098,2023-10-12,-0.010357531102790252
332.38,327.73,333.83,326.36,21085695,2023-10-13,0.014981844811277512
331.05,332.64,336.14,330.6,22158048,2023-10-16,-0.0017436267436267139
329.59,332.06,333.46,327.41,18338523,2023-10-17,-0.005872432692886842
332.49,330.11,335.59,328.3,23153602,2023-10-18,0.0036654448517159377
332.15,331.32,336.88,330.91,25052071,2023-10-19,-0.014034770010865505
331.72,326.67,331.92,325.45,25027715,2023-10-20,0.008112162120794686
325.47,329.32,332.725,324.39,24374748,2023-10-23,0.0036742378233936
331.3,330.53,331.84,327.6,31153571,2023-10-24,0.03067800199679316
345.02,340.67,346.2,337.62,55053828,2023-10-25,-0.03751431003610539
340.54,327.89,341.63,326.94,37828543,2023-10-26,0.00585562231236092
330.425,329.81,336.72,328.4007,29856522,2023-10-27,0.022740365665079976
333.41,337.31,339.45,331.83,22828082,2023-10-30,0.0023717055527556763
338.85,338.11,339.0,334.69,20265282,2023-10-31,0.02354263405400614
339.79,346.07,347.42,339.65,28158819,2023-11-01,0.006501574825902301
347.24,348.32,348.83,344.77,24348072,2023-11-02,0.012861736334405238
349.63,352.8,354.39,347.33,23637673,2023-11-03,0.010572562358276638
353.45,356.53,357.54,353.35,23828301,2023-11-06,0.011219252236838395
359.4,360.53,362.46,357.63,25833931,2023-11-07,0.007405763736721083
361.68,363.2,363.87,360.55,26767828,2023-11-08,-0.006910792951541844
362.3,360.69,364.79,360.362,24847331,2023-11-09,0.02489672572014756
361.49,369.67,370.1,361.07,28065164,2023-11-10,-0.00808829496578034
368.22,366.68,368.47,365.9,19986506,2023-11-13,0.009790553070797348
371.01,370.27,371.95,367.3454,27683862,2023-11-14,-0.0016204391390065576
371.28,369.67,373.13,367.11,26860095,2023-11-15,0.017583249925609223
370.96,376.17,376.35,370.18,27182315,2023-11-16,-0.016800914480155194
373.61,369.85,374.37,367.0,40325371,2023-11-17,0.020521833175611626
371.22,377.44,378.87,371.0,52528964,2023-11-20,-0.01157799915218316
375.67,373.07,376.2215,371.12,28423145,2023-11-21,0.012812608893773447
378.0,377.85,379.7899,374.965,23361184,2023-11-22,-0.0011115522032553171
377.33,377.43,377.97,375.135,10176649,2023-11-24,0.0031264075457702045
376.78,378.61,380.64,376.2,22179228,2023-11-27,0.0108026729352102
378.35,382.7,383.0,378.16,20453112,2023-11-28,-0.01006009929448648
383.76,378.85,384.3,377.44,28963399,2023-11-29,0.0001583740266595246
378.49,378.91,380.09,375.47,30554415,2023-11-30,-0.011612256208598404
376.76,374.51,378.16,371.31,33040472,2023-12-01,-0.014338735948305814
369.1,369.14,369.52,362.9,32063305,2023-12-04,0.009156417619331503
366.45,372.52,373.075,365.621,23065035,2023-12-05,-0.00998604101793188
373.54,368.8,374.18,368.03,21182072,2023-12-06,0.005829718004338291
368.23,370.95,371.4527,366.32,23118864,2023-12-07,0.008842162016444277
369.2,374.23,374.46,368.23,20154366,2023-12-08,-0.007829409721294422
368.48,371.3,371.6,366.1,27708757,2023-12-11,0.008295179100457739
370.85,374.38,374.42,370.46,24838253,2023-12-12,-2.671082856986473e-05
376.02,374.37,377.6361,370.77,30955531,2023-12-13,-0.022544541496380632
373.31,365.93,373.76,364.13,43277461,2023-12-14,0.013117262864482226
366.85,370.73,372.4,366.28,78502324,2023-12-15,0.005178971218946282
369.45,372.65,373.0,368.68,21802878,2023-12-18,0.001636924728297462
371.49,373.26,373.26,369.84,20603658,2023-12-19,-0.00707281787493963
375.0,370.62,376.03,370.53,26316650,2023-12-20,0.0078786897630998
372.56,373.54,374.41,370.04,17708006,2023-12-21,0.002784173047063243
373.68,374.58,375.18,372.71,17107484,2023-12-22,0.00021357253457221503
375.0,374.66,376.94,373.5,12673050,2023-12-26,-0.0015747611167459263
373.69,374.07,375.06,372.8116,14905412,2023-12-27,0.003234688694629284
375.37,375.28,376.458,374.16,14327013,2023-12-28,0.0020251545512686153
376.0,376.04,377.16,373.48,18730838,2023-12-29,-0.013748537389639437
373.86,370.87,375.9,366.771,25258633,2024-01-02,-0.0007280179038476886
369.01,370.6,373.2562,368.51,23083465,2024-01-03,-0.007177549919050286
370.665,367.94,373.1,367.17,20901502,2024-01-04,-0.0005163885416100689
368.97,367.75,372.06,366.5,21004575,2024-01-05,0.01887151597552683
369.3,374.69,375.2,369.01,23133967,2024-01-08,0.0029357602284556528
372.01,375.79,375.99,371.19,20829953,2024-01-09,0.018574203677585777
376.37,382.77,384.17,376.32,25514245,2024-01-10,0.004859314993338026
386.0,384.63,390.68,380.38,27850846,2024-01-11,0.009983620622416423
385.49,388.47,388.68,384.65,21661153,2024-01-12,0.004633562437253769
393.66,390.27,394.03,387.6229,27202268,2024-01-16,-0.002049862915417422
387.98,389.47,390.11,384.81,22234108,2024-01-17,0.011297404164633873
391.72,393.87,393.99,390.12,23392068,2024-01-18,0.012186762129636763
395.76,398.67,398.67,393.5,29331136,2024-01-19,-0.005418014899541079
400.02,396.51,400.62,393.59,27016902,2024-01-22,0.0060275907291114095
395.75,398.9,399.38,393.93,20525882,2024-01-23,0.009175231887691204
401.54,402.56,405.63,400.45,24866953,2024-01-24,0.005738275039745666
404.32,404.87,407.01,402.5294,21021155,2024-01-25,-0.0023217329019191713
404.37,403.93,406.17,402.43,17803271,2024-01-26,0.01433416681108124
406.06,409.72,409.98,404.33,24510236,2024-01-29,-0.002757981060236392
412.26,408.59,413.05,406.4501,33477610,2024-01-30,-0.026946327614479015
406.96,397.58,415.32,397.21,47871097,2024-01-31,0.015594345792041775
401.83,403.78,408.0,401.8,30657726,2024-02-01,0.01842587547674479
403.81,411.22,412.65,403.56,28256670,2024-02-02,-0.01354506103788733
409.9,405.65,411.16,403.99,25352286,2024-02-05,-0.0003944286946874209
405.88,405.49,407.97,402.91,18382624,2024-02-06,0.021110261658733975
407.44,414.05,414.3,407.4,22340526,2024-02-07,0.0001449100350199295
414.05,414.11,415.56,412.53,21225257,2024-02-08,0.015551423534809539
415.25,420.55,420.82,415.09,22032844,2024-02-09,-0.012578765901795297
420.555,415.26,420.74,414.75,21202921,2024-02-12,-0.021528680826470192
404.94,406.32,410.071,403.39,27824936,2024-02-13,0.00780173262453232
408.07,409.49,409.84,404.57,20401190,2024-02-14,-0.00715524188624872
408.14,406.56,409.13,404.29,21825525,2024-02-15,-0.006149153876426561
407.96,404.06,408.29,403.44,22296495,2024-02-16,-0.003143097559768271
403.24,402.79,404.49,398.01,24307915,2024-02-20,-0.0015144368032969924
400.17,402.18,402.29,397.22,18631072,2024-02-21,0.023546670644984724
410.19,411.65,412.83,408.57,27009869,2024-02-22,-0.003182315073484765
415.67,410.34,415.86,408.97,16295879,2024-02-23,-0.006823609689525667
411.455,407.54,412.16,407.36,16193505,2024-02-26,-0.00014722481228834905
407.99,407.48,408.32,403.85,14835827,2024-02-27,0.0005889859625012317
408.175,407.72,409.3,405.3201,13183125,2024-02-28,0.014519768468556737
408.64,413.64,414.2,405.92,31947263,2024-02-29,0.004496663765593212
411.27,415.5,415.87,410.88,17823445,2024-03-01,-0.001395908543922908
413.44,414.92,417.35,412.32,17595956,2024-03-04,-0.029571965680131207
413.96,402.65,414.25,400.64,26919177,2024-03-05,-0.0013907860424686724
402.97,402.09,405.16,398.39,22344149,2024-03-06,0.017533388047452192
406.12,409.14,409.78,402.24,18718479,2024-03-07,-0.0071369213472159965
407.96,406.22,410.42,404.33,18002186,2024-03-08,-0.004184924425188474
403.762,404.52,405.68,401.26,16120752,2024-03-11,0.026599426480767407
407.62,415.28,415.57,406.79,22457003,2024-03-12,-0.0004334424966286887
418.1,415.1,418.18,411.45,17115931,2024-03-13,0.024379667549987882
420.24,425.22,427.82,417.99,34157299,2024-03-14,-0.020695169559286963
419.29,416.42,422.6,412.79,45079903,2024-03-15,0.002161279477450595
414.25,417.32,420.73,413.78,20105977,2024-03-18,0.009800632608070625
417.83,421.41,421.6656,415.55,19837915,2024-03-19,0.009064806245699053
422.0,425.23,425.96,420.66,17860085,2024-03-20,0.009735907626460927
429.83,429.37,430.82,427.16,21296222,2024-03-21,-0.0014672659943638644
429.7,428.74,429.86,426.07,17648473,2024-03-22,-0.013714605588468487
425.24,422.86,427.41,421.61,18060450,2024-03-25,-0.0028614671522491086
425.61,421.65,425.99,421.35,16725647,2024-03-26,-0.000521759753349893
424.44,421.43,424.45,419.01,16704978,2024-03-27,-0.0016847400517285838
420.96,420.72,421.87,419.12,21871161,2024-03-28,0.00915097927362618
423.95,424.57,427.89,422.22,16315961,2024-04-01,-0.007372164778481793
420.11,421.44,422.38,417.84,17911992,2024-04-02,-0.002349088838268787
419.73,420.45,423.26,419.085,16502264,2024-04-03,-0.0061124985134973775
424.99,417.88,428.67,417.57,19370875,2024-04-04,0.018282760601129544
420.01,425.52,426.51,418.32,16554761,2024-04-05,-0.002185561195713448
425.17,424.59,427.28,423.3,14272387,2024-04-08,0.003980310417108335
426.44,426.28,427.74,421.62,12512289,2024-04-09,-0.007084545369240858
422.19,423.26,424.03,419.7,16216581,2024-04-10,0.011033407361905168
425.82,427.93,429.37,422.36,17966423,2024-04-11,-0.014091089664197476
424.05,421.9,425.1794,419.77,19253750,2024-04-12,-0.019578099075610367
426.6,413.64,426.82,413.43,20273538,2024-04-15,0.002272507494439635
414.57,414.58,418.4,413.7301,16765616,2024-04-16,-0.006609098364609989
417.25,411.84,418.88,410.33,15855485,2024-04-17,-0.018380924630924667
410.63,404.27,411.89,403.95,21029917,2024-04-18,-0.012739011056966842
404.03,399.12,405.48,397.77,30565789,2024-04-19,0.00461014231308865
400.08,400.96,402.85,395.75,20286875,2024-04-22,0.016485434956105438
404.235,407.57,408.2,403.06,15734501,2024-04-23,0.0036558137252495904
409.56,409.06,412.47,406.78,15065330,2024-04-24,-0.02449518408057494
394.03,399.04,399.8899,388.03,40586450,2024-04-25,0.018243785084202102
412.17,406.32,413.0,405.7601,29694654,2024-04-26,-0.01001673557786964
405.25,402.25,406.32,399.19,19582091,2024-04-29,-0.03211932877563706
401.49,389.33,402.16,389.17,28781374,2024-04-30,0.014409369943235939
392.61,394.94,401.7199,390.31,23562481,2024-05-01,0.007342887527219233
397.66,397.84,399.93,394.6515,17709364,2024-05-02,0.022169716468932288
402.28,406.66,407.15,401.86,17446724,2024-05-03,0.016918310136231796
408.76,413.54,413.93,406.3701,16996639,2024-05-06,-0.01015621221647256
414.66,409.34,414.67,409.09,20018228,2024-05-07,0.0029315483461183067
408.17,410.54,412.23,406.7132,11792308,2024-05-08,0.00433575291080035
410.57,412.32,412.72,409.1,14689727,2024-05-09,0.005869227784245368
412.935,414.74,415.38,411.8,13402281,2024-05-10,-0.002459372136760285
418.01,413.72,418.348,410.82,15440226,2024-05-13,0.006864546069805577
412.02,416.56,417.49,411.55,15109306,2024-05-14,0.015652006913769778
417.9,423.08,423.81,417.27,22239533,2024-05-15,-0.0049399640729884675
421.8,420.99,425.42,420.35,17530050,2024-05-16,-0.0018527756003706708
422.54,420.21,422.92,418.025,15352239,2024-05-17,0.012208181623474035
420.21,425.34,426.77,419.99,16272137,2024-05-20,0.008698923214369714
426.825,429.04,432.97,424.85,21453255,2024-05-21,0.0034495618124184
430.09,430.52,432.41,427.13,18073698,2024-05-22,-0.008176159063458144
432.97,427.0,433.6,425.424,17211689,2024-05-23,0.007400468384074932
427.19,430.16,431.055,424.41,11855285,2024-05-24,0.00037195462153616354
429.63,430.32,430.82,426.6,15718024,2024-05-28,-0.0026724298196689755
425.69,429.17,430.94,425.69,15517130,2024-05-29,-0.03378614535032742
424.3,414.67,424.3,414.24,28424847,2024-05-30,0.001109315841512526
416.75,415.13,416.75,404.51,47995250,2024-05-31,-0.0038783031821357783
415.525,413.52,416.43,408.9234,17484675,2024-06-03,0.00616656993615794
412.43,416.07,416.44,409.675,14348917,2024-06-04,0.01908332732472906
417.81,424.01,424.08,416.3,16988038,2024-06-05,0.001202801820711752
424.01,424.52,425.31,420.58,14861251,2024-06-06,-0.0015782530858380328
426.2,423.85,426.28,423.0,13621650,2024-06-07,0.009484487436593136
424.7,427.87,428.08,423.89,14003034,2024-06-10,0.011241732301867424
425.475,432.68,432.82,425.25,14551101,2024-06-11,0.019367662013497267
435.32,441.06,443.4,433.25,22366233,2024-06-12,0.0011789779168367431
440.85,441.58,443.39,439.37,15960565,2024-06-13,0.002241949363648743
438.275,442.57,443.1376,436.721,13581985,2024-06-14,0.01310527148247731
442.585,448.37,450.94,440.72,20790030,2024-06-17,-0.004527510761201725
449.705,446.34,450.14,444.89,17112504,2024-06-18,-0.0014338844826813357
446.3,445.7,446.53,441.27,19877378,2024-06-20,0.009154139555755059
447.38,449.78,450.58,446.51,34486172,2024-06-21,-0.004691182355818335
449.8,447.67,452.75,446.41,15913719,2024-06-24,0.007326825563473083
448.25,450.95,451.42,446.75,16747529,2024-06-25,0.002683224304246723
449.0,452.16,453.6,448.19,16507030,2024-06-26,0.0015260084925690087
452.175,452.85,456.17,451.77,14806324,2024-06-27,-0.013028596665562664
453.07,446.95,455.38,446.41,28362271,2024-06-28,0.02188164224186151
448.66,456.73,457.37,445.66,17662818,2024-07-01,0.005583167297965819
453.2,459.28,459.59,453.113,13979779,2024-07-02,0.003244208326075526
458.19,460.77,461.02,457.88,9932830,2024-07-03,0.014736202443735635
459.61,467.56,468.35,458.965,16000290,2024-07-05,-0.0028231670801608377
466.55,466.24,467.7,464.46,12962321,2024-07-08,-0.014370281400137297
467.0,459.54,467.33,458.0,17228507,2024-07-09,0.014601558079818888
461.22,466.25,466.46,458.855,18196100,2024-07-10,-0.024772117962466478
462.98,454.7,464.78,451.55,23111175,2024-07-11,-0.002529140092368598
454.325,453.55,456.36,450.645,16324274,2024-07-12,0.0009039797155769858
453.3,453.96,457.26,451.43,14429447,2024-07-15,-0.009780597409463354
454.22,449.52,454.3,446.66,17175679,2024-07-16,-0.013347570742124892
442.59,443.52,444.85,439.18,21754021,2024-07-17,-0.007102272727272707
444.34,440.37,444.65,434.4,20794822,2024-07-18,-0.007402865771964473
433.1,437.11,441.14,432.0,20940417,2024-07-19,0.01333760380682203
441.79,442.94,444.6,438.9125,15808755,2024-07-22,0.004312096446471347
443.895,444.85,448.39,443.1,13107050,2024-07-23,-0.03585478251095886
440.45,428.9,441.48,427.585,26805800,2024-07-24,-0.024481231056190267
428.8,418.4,429.8,417.51,29943795,2024-07-25,0.016419694072657753
418.2,425.27,428.915,417.27,23583839,2024-07-26,0.003433113081101613
431.58,426.73,432.15,424.7042,15125836,2024-07-29,-0.008928362196236495
427.72,422.92,429.05,417.36,32687578,2024-07-30,-0.010805826160976029
420.495,418.35,421.775,412.21,42891366,2024-07-31,-0.002964025337635956
420.785,417.11,427.46,413.0901,30296400,2024-08-01,-0.020666011363908776
412.49,408.49,415.0,404.34,29437900,2024-08-02,-0.03265685818502295
389.17,395.15,401.04,385.58,40709238,2024-08-05,0.011286853093761984
400.0,399.61,405.67,398.5,24946525,2024-08-06,-0.0029528790570806374
408.635,398.43,410.08,397.47,20650906,2024-08-07,0.010691965966418193
402.44,402.69,405.86,399.9407,20203030,2024-08-08,0.008269388363256969
404.03,406.02,408.05,402.2624,19276666,2024-08-09,0.00194571695975565
407.06,406.81,408.76,404.2434,16762883,2024-08-12,0.01769867997345198
409.59,414.01,414.95,409.57,19414271,2024-08-13,0.006883891693437505
414.8,416.86,417.72,412.4456,18266980,2024-08-14,0.010003358441682986
419.8,421.03,421.11,417.66,20752144,2024-08-15,-0.006080326817566317
420.6,418.47,421.34,417.3,22775593,2024-08-16,0.007312352139938305
418.96,421.53,421.75,416.46,15233957,2024-08-19,0.007757454985410472
421.7,424.8,425.86,421.64,16387581,2024-08-20,-0.001553672316384258
424.075,424.14,426.4,421.72,16067298,2024-08-21,-0.020252746734568672
424.36,415.55,426.7899,414.61,19361901,2024-08-22,0.0029839971122609388
416.98,416.79,419.26,412.09,18493784,2024-08-23,-0.007917656373713444
416.365,413.49,417.2799,411.34,13152830,2024-08-26,0.0008464533604197744
412.86,413.84,414.36,410.25,13492911,2024-08-27,-0.007829112700560525
414.88,410.6,415.0,407.31,14882660,2024-08-28,0.006137359961032596
414.94,413.12,422.05,410.6,17045241,2024-08-29,0.009730828814872083
415.6,417.14,417.49,412.13,24308324,2024-08-30,-0.018459030541305044
417.91,409.44,419.88,407.03,20313603,2024-09-03,-0.0013188745603751606
405.91,408.9,411.24,404.37,15135806,2024-09-04,-0.0012472487160675172
407.62,408.39,413.1,406.13,14195516,2024-09-05,-0.016381400132226553
409.06,401.7,410.65,400.8,19609526,2024-09-06,0.010007468259895624
407.24,405.72,408.65,402.15,15295134,2024-09-09,0.020901114068815785
408.2,414.2,416.33,407.7,19594287,2024-09-10,0.02134234669241919
415.5,423.04,423.99,409.58,19266923,2024-09-11,0.009360816944024242
423.31,427.0,427.3692,419.75,17418759,2024-09-12,0.008407494145199035
425.825,430.59,431.83,425.46,15874555,2024-09-13,0.0017417961401797744
430.6,431.34,433.53,428.22,13834697,2024-09-16,0.00883293921268602
440.23,435.15,441.85,432.27,18874231,2024-09-17,-0.009973572331379965
435.0,430.81,436.03,430.41,18898042,2024-09-18,0.018291126018430415
441.225,438.69,441.5,436.9,21706559,2024-09-19,-0.007795937906038497
437.22,435.27,439.24,434.22,55167106,2024-09-20,-0.004043467273186718
434.28,433.51,436.46,430.3889,15128891,2024-09-23,-0.010011303084127232
433.0,429.17,433.35,426.1,17015754,2024-09-24,0.006850432229652537
429.83,432.11,433.119,428.57,13396364,2024-09-25,-0.001851380435537231
435.085,431.31,435.3,429.13,14492044,2024-09-26,-0.007627924230831695
431.52,428.02,431.85,427.47,14896131,2024-09-27,0.005326853885332605
428.21,430.3,430.42,425.37,16854606,2024-09-30,-0.022333255867999058
428.45,420.69,428.48,418.81,19092945,2024-10-01,-0.008462288145665409
422.58,417.13,422.82,416.71,16582257,2024-10-02,-0.0014144271570013522
417.63,416.54,419.55,414.29,13686421,2024-10-03,-0.001152350314495676
418.24,416.06,419.75,414.97,19190913,2024-10-04,-0.0156708167091284
416.0,409.54,417.11,409.0,20919761,2024-10-07,0.012623919519460847
410.9,414.71,415.66,408.17,19229261,2024-10-08,0.006631139832654176
415.86,417.46,420.38,414.3,14974257,2024-10-09,-0.0038806113160542166
415.225,415.84,417.35,413.15,13848376,2024-10-10,0.001154290111581524
416.135,416.32,417.13,413.25,14144944,2024-10-11,0.006773635664873101
417.77,419.14,424.04,417.52,16653086,2024-10-14,-0.0009543350670420114
422.18,418.74,422.48,415.26,18900201,2024-10-15,-0.006256865835602032
415.17,416.12,416.36,410.48,15508932,2024-10-16,0.0014418917619918314
422.36,416.72,422.5,415.59,14820004,2024-10-17,0.00345555768861594
417.14,418.16,419.65,416.2601,17145317,2024-10-18,0.0014826860531853558
416.12,418.78,418.96,413.7501,14206115,2024-10-21,0.020846267730073142
418.49,427.51,430.5793,418.04,25482197,2024-10-22,-0.006806858319103548
430.855,424.6,431.08,422.53,19654379,2024-10-23,0.0003061705134244086
425.325,424.73,425.9782,422.4,13581631,2024-10-24,0.008052174322510597
426.76,428.15,432.52,426.565,16899064,2024-10-25,-0.003643582856475591
431.655,426.59,431.94,426.3,14882444,2024-10-28,0.012564757729904619
428.0,431.95,433.17,425.8001,17644080,2024-10-29,0.0013427480032410788
437.435,432.53,438.5,432.1,29749149,2024-10-30,-0.06052759346172509
415.36,406.35,416.16,406.3,53970981,2024-10-31,0.009892949427833031
409.01,410.37,415.5,407.5,24230442,2024-11-01,-0.004654336330628506
409.8,408.46,410.415,405.5713,19672286,2024-11-04,0.007344660431866101
408.37,411.46,414.9,408.08,17626011,2024-11-05,0.021192825548048466
412.42,420.18,420.45,410.52,26681842,2024-11-06,0.012494645152077766
421.28,425.43,426.85,419.88,19901782,2024-11-07,-0.006793126953905437
425.32,422.54,426.5,421.78,16891414,2024-11-08,-0.01072087849671044
422.515,418.01,424.81,416.0,24503321,2024-11-11,0.012009282074591399
418.25,423.03,424.44,417.2,19401204,2024-11-12,0.005129659834999911
421.64,425.2,429.325,418.21,21502185,2024-11-13,0.00397460018814666
425.0,426.89,428.17,420.0,30246881,2024-11-14,-0.02785260840029047
419.82,415.0,422.8,413.64,28247644,2024-11-15,0.001831325301204778
414.87,415.76,418.4037,412.1,24742013,2024-11-18,0.004882624591110218
413.11,417.79,417.94,411.55,18133529,2024-11-19,-0.005505158093779161
416.87,415.49,417.29,410.58,19191655,2024-11-20,-0.006305807600664237
419.5,412.87,419.78,410.2887,20780162,2024-11-21,0.010003148690871155
411.365,417.0,417.4,411.06,24814626,2024-11-22,0.004292565947242366
418.38,418.79,421.08,414.85,27691090,2024-11-25,0.02196805081305664
419.585,427.99,429.0414,418.85,23458889,2024-11-26,-0.011682515946634275
425.105,422.99,427.2299,422.02,18332444,2024-11-27,0.0011111373791341528
420.09,423.46,424.8849,417.8,16271921,2024-11-29,0.017758465970811876
421.57,430.98,433.0,421.31,20207223,2024-12-02,0.0005104645227156368
429.84,431.2,432.47,427.74,18301987,2024-12-03,0.014424860853432309
433.03,437.42,439.67,432.63,26009429,2024-12-04,0.011887888070961417
437.92,442.62,444.66,436.171,21697775,2024-12-05,0.0021463106050336744
442.3,443.57,446.1,441.7703,18821002,2024-12-06,0.00552336722501523
442.6,446.02,448.33,440.5,19144388,2024-12-09,-0.006031119680731778
444.39,443.33,449.62,441.6,18469459,2024-12-10,0.0127670132858142
444.05,448.99,450.35,444.05,19200208,2024-12-11,0.0012695160248556991
449.11,449.56,456.1648,449.11,20834779,2024-12-12,-0.00509386956134894
448.435,447.27,451.43,445.58,20177833,2024-12-13,0.00965859547924075
447.27,451.59,452.18,445.28,23598834,2024-12-16,0.006355322305631184
451.01,454.46,455.29,449.57,22733494,2024-12-17,-0.03756106147955818
451.32,437.39,452.65,437.02,24444545,2024-12-18,-0.0008230640846841331
441.62,437.03,443.1834,436.32,22963681,2024-12-19,-0.000983914147770104
433.11,436.6,443.74,428.63,64263694,2024-12-20,-0.003092075125973537
436.74,435.25,437.65,432.83,19152519,2024-12-23,0.009373923032739873
434.65,439.33,439.6,434.19,7164543,2024-12-24,-0.0027769558190881005
439.08,438.11,440.94,436.63,8199927,2024-12-26,-0.017301590924653665
434.6,430.53,435.22,426.35,18117713,2024-12-27,-0.013239495505539711
426.06,424.83,427.55,421.9,13158703,2024-12-30,-0.0078384294894428
426.1,421.5,426.73,420.66,13246509,2024-12-31,-0.006927639383155437
425.53,418.58,426.07,414.85,16896469,2025-01-02,0.011395671078407998
421.08,423.35,424.03,419.54,16662943,2025-01-03,0.010629502775481248
428.0,427.85,434.32,425.4774,20573648,2025-01-06,-0.012808227182423804
429.0,422.37,430.65,420.8,18139065,2025-01-07,0.00518502734569215
423.46,424.56,426.97,421.54,15054575,2025-01-08,-0.013213680045223275
424.63,418.95,424.71,415.02,20201132,2025-01-10,-0.0042009786370688085
415.235,417.19,418.5,412.29,17604780,2025-01-13,-0.0036434238596322333
417.81,415.67,419.74,410.72,16935856,2025-01-14,0.025597228570741093
419.13,426.31,428.15,418.265,19637838,2025-01-15,-0.004058079801083747
428.695,424.58,429.49,424.39,15300023,2025-01-16,0.010480945875924519
434.085,429.03,434.48,428.17,26197507,2025-01-17,-0.0012353448476796203
430.2,428.5,430.8999,425.595,26085703,2025-01-21,0.04130688448074671
437.56,446.2,447.27,436.0,27803811,2025-01-22,0.0011429852084265946
442.0,446.71,446.75,441.5048,18389270,2025-01-23,-0.005932260303104897
445.16,444.06,446.65,441.4,15549453,2025-01-24,-0.021393505382155564
424.01,434.56,435.2,423.5,35647805,2025-01-27,0.02908689248895424
434.6,447.2,448.38,431.38,23491703,2025-01-28,-0.0108899821109123
446.69,442.33,446.88,440.4,23581370,2025-01-29,-0.06180905658671121
418.77,414.99,422.86,413.16,54586260,2025-01-30,0.00016867876334369925
418.98,415.06,420.69,414.91,34223388,2025-01-31,-0.009974461523635125
411.6,410.92,415.41,408.66,25679149,2025-02-03,0.0035286673805119406
412.685,412.37,413.9199,409.74,20532096,2025-02-04,0.002231006135266833
412.35,413.29,413.827,410.4,16336188,2025-02-05,0.006121609523578986
414.0,415.82,418.2,414.0,16309755,2025-02-06,-0.014597662450098636
416.48,409.75,418.65,408.1,22886844,2025-02-07,0.006028065893837864
413.71,412.22,415.4624,410.92,20817919,2025-02-10,-0.0018921934889137848
409.64,411.44,412.49,409.3,18140592,2025-02-11,-0.005833171300797191
407.21,409.04,410.75,404.3673,19121734,2025-02-12,0.003667123019753582
407.0,410.54,411.0,406.36,23891731,2025-02-13,-0.005139572270667969
407.79,408.43,408.91,405.88,22758464,2025-02-14,0.002962563964449272
408.0,409.64,410.597,406.5,21423051,2025-02-18,0.012523191094619746
407.88,414.77,415.49,407.65,24114197,2025-02-19,0.0032789256696483804
415.29,416.13,419.31,412.54,23508728,2025-02-20,-0.019032513877874746
417.335,408.21,418.048,407.89,27524799,2025-02-21,-0.01031331912496014
408.51,404.0,409.37,399.32,26443656,2025-02-24,-0.015099009900990112
401.1,397.9,401.915,396.7,29387402,2025-02-25,0.004599145513948244
398.01,399.73,403.6,394.245,19618954,2025-02-26,-0.018012158206789697
401.265,392.53,405.74,392.17,21127406,2025-02-27,0.011362188877283463
392.655,396.99,397.63,386.57,32845658,2025-02-28,-0.021411118667976514
398.82,388.49,398.82,386.155,23007726,2025-03-03,0.0003088882596720133
383.4,388.61,392.58,381.0,29342923,2025-03-04,0.031934330048120074
389.34,401.02,401.67,388.81,23433132,2025-03-05,-0.010298738217545234
394.28,396.89,402.15,392.6777,23304625,2025-03-06,-0.00902013152258807
392.32,393.31,394.8,385.54,22034087,2025-03-07,-0.03343418677379162
385.84,380.16,386.4,377.22,32840134,2025-03-10,0.0007628367003365
379.0,380.45,386.0,376.91,30380177,2025-03-11,0.007412274937574015
382.95,383.27,385.2165,378.9507,24253567,2025-03-12,-0.011741070263782682
383.155,378.77,385.32,377.45,20473017,2025-03-13,0.02584681996990268
379.775,388.56,390.23,379.51,19952846,2025-03-14,0.0003603047148446059
386.7,388.7,392.705,385.57,22474272,2025-03-17,-0.013326472858245397
387.07,383.52,387.37,381.1,19486850,2025-03-18,0.011211931581143197
385.525,387.82,389.68,384.0,19185532,2025-03-19,-0.002526945490175847
385.735,386.84,391.785,383.28,18470542,2025-03-20,0.011425912521972892
383.215,391.26,391.74,382.8,39675928,2025-03-21,0.004651638296784721
395.4,393.08,395.4,389.81,21004548,2025-03-24,0.005291543706115842
393.915,395.16,396.36,392.64,15774968,2025-03-25,-0.013133920437291224
395.0,389.97,395.31,388.57,16132906,2025-03-26,0.0015642228889400922
390.13,390.58,392.24,387.395,13766761,2025-03-27,-0.03016027446361813
388.08,378.8,389.13,376.93,21632016,2025-03-28,-0.009002111932418178
372.535,375.39,377.07,367.24,35184676,2025-03-31,0.01811449425930367
374.65,382.19,382.85,373.23,19689503,2025-04-01,-0.00013082498233862871
377.965,382.14,385.08,376.62,16092555,2025-04-02,-0.02363008321557536
374.785,373.11,377.48,369.35,30197997,2025-04-03,-0.035565918897912274
364.125,359.84,374.59,359.48,49209854,2025-04-04,-0.005502445531347155
350.88,357.86,370.9999,344.79,50424998,2025-04-07,-0.009221483261610763
368.255,354.56,373.65,350.25,35868918,2025-04-08,0.10133686823104693
353.535,390.49,393.225,353.1,50199696,2025-04-09,-0.023406489282696064
382.06,381.35,383.9,367.8,38024368,2025-04-10,0.018618067392159432
380.635,388.45,390.05,378.89,23839220,2025-04-11,-0.0016475736903075466
393.22,387.81,394.65,384.21,19251172,2025-04-14,-0.005363451174544176
388.505,385.73,391.89,384.1599,17199890,2025-04-15,-0.03660591605527186
380.67,371.61,381.61,368.0,21967826,2025-04-16,-0.010306504130674687
373.745,367.78,374.3215,366.89,21120192,2025-04-17,-0.023546685518516464
362.815,359.12,364.48,355.67,20807279,2025-04-21,0.02144130095789709
363.375,366.82,367.77,359.8602,19484993,2025-04-22,0.02063682460062144
376.06,374.39,380.39,373.02,20545526,2025-04-23,0.034482758620689724
375.695,387.3,388.45,375.19,22232289,2025-04-24,0.011747998967208906
387.0,391.85,392.16,384.6,18973165,2025-04-25,-0.0017608778869465658
391.955,391.16,392.74,386.638,16579430,2025-04-28,0.007362716024133409
391.3,394.04,395.1,390.38,14973976,2025-04-29,0.0030961323723479595
390.3,395.26,396.66,384.44,36461075,2025-04-30,0.07625360522187918
431.11,425.4,436.99,424.9,58938100,2025-05-01,0.02322519981194171
431.74,435.28,439.44,429.985,30757434,2025-05-02,0.002044660907921436
432.87,436.17,439.5,432.11,20136053,2025-05-05,-0.006557076369305581
432.2,433.31,437.73,431.17,15104204,2025-05-06,9.231266298970198e-05
433.84,433.35,438.12,431.1103,23307241,2025-05-07,0.011122649128879614
437.93,438.17,443.67,435.66,23491330,2025-05-08,0.001278042768788401
440.0,438.73,440.74,435.88,15324233,2025-05-09,0.024001094066965933
445.94,449.26,449.37,439.78,22821935,2025-05-12,-0.00026710590749234875
447.78,449.14,450.6733,445.36,23618819,2025-05-13,0.008460613617135015
448.14,452.94,453.9,448.14,19902796,2025-05-14,0.00041948160904303755
450.765,453.13,456.19,450.4301,21992323,2025-05-15,0.0025158343080351475
452.05,454.27,454.36,448.73,23849781,2025-05-16,0.010126136438681987
450.875,458.87,459.585,450.8,21336509,2025-05-19,-0.0015254865212369628
455.59,458.17,458.34,454.3201,15441808,2025-05-20,-0.012222537486086038
454.57,452.57,457.78,451.814,19216906,2025-05-21,0.005059990719667784
454.95,454.86,460.25,453.9,18025612,2025-05-22,-0.010288880094974306
449.98,450.18,453.69,448.91,16883509,2025-05-23,0.02334621706872797
456.48,460.69,460.95,456.115,20974293,2025-05-27,-0.007228288002778416
461.22,457.36,462.52,456.93,17086261,2025-05-28,0.0028861290886827984
461.55,458.68,461.72,455.3105,13982211,2025-05-29,0.0036626842242957203
459.715,460.36,461.68,455.54,34770475,2025-05-30,0.003497263011556173
457.14,461.97,462.11,456.89,16626495,2025-06-02,0.0021646427257180356
461.47,462.97,464.14,460.8622,15743760,2025-06-03,0.0019439704516490686
464.0,463.87,465.69,463.0201,14162688,2025-06-04,0.00821350809494037
464.955,467.68,469.65,464.03,20154460,2025-06-05,0.005773178241532673
470.085,470.38,473.335,468.78,15285624,2025-06-06,0.00503847952719072
469.7,472.75,473.43,468.62,16469932,2025-06-09,-0.003870967741935405
471.185,470.92,472.8,466.96,15375944,2025-06-10,0.003609954981737884
470.02,472.62,475.47,469.655,16399176,2025-06-11,0.013224154712030867
475.02,478.87,480.415,473.52,18950582,2025-06-12,-0.008165055234197194
476.41,474.96,479.18,472.76,16814456,2025-06-13,0.008800741115041255
475.21,479.14,480.6943,475.0,15626104,2025-06-16,-0.002295779939057385
475.395,478.04,478.7399,474.08,15414128,2025-06-17,0.004602125345159358
478.0,480.24,481.0,474.46,17526452,2025-06-18,-0.00591370981176087
482.23,477.4,483.46,476.87,37576206,2025-06-20,0.018014243820695386
478.21,486.0,487.75,472.51,24863952,2025-06-23,0.008456790123456903
488.95,490.11,491.849,486.795,22305642,2025-06-24,0.0044071738997366605
492.04,492.27,494.5556,489.39,17495099,2025-06-25,0.01052268064273676
492.98,497.45,498.04,492.81,21578853,2025-06-26,-0.0030354809528595483
497.55,495.94,499.3,493.03,34539236,2025-06-27,0.0029640682340605906
497.04,497.41,500.76,495.33,28368991,2025-06-30,-0.010775818741078802
496.47,492.05,498.05,490.98,19945375,2025-07-01,-0.0019510212376792069
489.99,491.09,493.5,488.7,16319641,2025-07-02,0.015781221364719267
493.81,498.84,500.13,493.44,13984829,2025-07-03,-0.0022452088846122153
497.38,497.72,498.75,495.225,13981605,2025-07-07,-0.002210077955477008
497.24,496.62,498.2,494.11,11846586,2025-07-08,0.013873786798759502
500.3,503.51,506.78,499.74,18659538,2025-07-09,-0.004031697483664609
503.05,501.48,504.44,497.75,16498740,2025-07-10,0.003669139347531214
498.47,503.32,505.03,497.795,16459512,2025-07-11,-0.000596042279265685
501.515,503.02,503.97,501.03,12058848,2025-07-14,0.005566379070414795
503.02,505.82,508.3,502.79,14927202,2025-07-15,-0.00039539757225892647
505.18,505.62,506.72,501.89,15154374,2025-07-16,0.012024840789525593
505.68,511.7,513.37,505.62,17503129,2025-07-17,-0.0032245456322063104
514.48,510.05,514.64,507.43,21209666,2025-07-18,1.9605920988041703e-05
506.705,510.06,512.09,505.55,14066805,2025-07-21,-0.009391052033094205
510.97,505.27,511.2,505.27,13868644,2025-07-22,0.00118748391948853
506.75,505.87,506.79,500.7,16396585,2025-07-23,0.009903730207365458
508.77,510.88,513.67,507.3,16107000,2025-07-24,0.00553946132164107
512.465,513.71,518.29,510.3592,19125699,2025-07-25,-0.002355414533491751
514.08,512.5,515.0,510.12,14308027,2025-07-28,0.00013658536585370307
515.53,512.57,517.62,511.56,16469235,2025-07-29,0.0013071385371752342
515.17,513.24,515.95,509.435,26380434,2025-07-30,0.039474709687475684
555.225,533.5,555.45,531.9,51617326,2025-07-31,-0.017600749765698143
535.0,524.11,535.8,520.86,28977628,2025-08-01,0.021999198641506457
528.27,535.64,538.25,528.13,25349004,2025-08-04,-0.01473004256590249
537.18,527.75,537.3,527.24,19171569,2025-08-05,-0.005324490762671608
530.9,524.94,531.7,524.03,21355702,2025-08-06,-0.007810416428544298
526.8,520.84,528.09,517.5511,16079144,2025-08-07,0.002303970509177411
522.6,522.04,524.66,519.41,15531009,2025-08-08,-0.0005172017469925461
522.3,521.77,527.59,519.72,20194372,2025-08-11,0.014316652931368301
523.75,529.24,530.98,522.7,18688921,2025-08-12,-0.01636308669034836
532.11,520.58,532.7,519.37,19619160,2025-08-13,0.003649775250681886
522.56,522.48,525.9499,520.14,20269074,2025-08-14,-0.004421221864951863
522.77,520.17,526.1,519.08,25213272,2025-08-15,-0.005901916681084862
521.585,517.1,522.82,514.02,23760583,2025-08-18,-0.014175207890156694
515.0,509.77,515.1641,508.55,21481016,2025-08-19,-0.007944759401298573
509.865,505.72,511.0,504.44,27723025,2025-08-20,-0.0029265206042869973
503.69,504.24,507.63,502.7201,18443254,2025-08-21,0.005929716008250097
504.25,507.23,510.73,502.41,24324161,2025-08-22,-0.005855331900715743
506.63,504.26,508.19,504.12,21638579,2025-08-25,-0.004402490778566581
504.355,502.04,504.9778,498.51,30835709,2025-08-26,0.009361803840331362
502.0,506.74,507.29,499.9,17277893,2025-08-27,0.005722855902435153
507.09,509.64,511.09,505.5,18015593,2025-08-28,-0.005788399654658161
508.66,506.69,509.6,504.4915,20961569,2025-08-29,-0.00309854151453548
500.465,505.12,506.0,496.81,18127995,2025-09-02,0.0004553373455813414
503.79,505.35,507.79,502.32,16345078,2025-09-03,0.005184525576333199
504.3,507.97,508.15,503.15,15509486,2025-09-04,-0.025533003917554198
509.07,495.0,511.97,492.37,31994846,2025-09-05,0.006464646464646506
498.105,498.2,501.195,495.03,16771015,2025-09-08,0.00042151746286633873
501.43,498.41,502.25,497.7,14410542,2025-09-09,0.0039325053670671295
502.98,500.37,503.2299,496.72,21611816,2025-09-10,0.0012790535004096881
502.25,501.01,503.17,497.88,18881608,2025-09-11,0.01774415680325747
506.65,509.9,512.55,503.85,23624884,2025-09-12,0.010707981957246648
508.79,515.36,515.47,507.0,17143786,2025-09-15,-0.012263272275690795
516.88,509.04,517.23,508.6,19711922,2025-09-16,0.0019251925192518282
510.62,510.02,511.29,505.93,15816585,2025-09-17,-0.003078310654484162
511.49,508.45,513.07,507.66,18913696,2025-09-18,0.018644901170223216
510.56,517.93,519.3,510.31,52474093,2025-09-19,-0.006719054698511195
515.59,514.45,517.74,512.545,20009314,2025-09-22,-0.010146758674312473
513.8,509.23,514.5899,507.31,19799580,2025-09-23,0.0018066492547570423
510.38,510.15,512.48,506.92,13533711,2025-09-24,-0.006115848279917735
508.3,507.03,510.01,505.04,15786468,2025-09-25,0.008737155592371204
510.06,511.46,513.94,506.62,16213129,2025-09-26,0.006139287529816739
511.5,514.6,516.845,508.88,17617775,2025-09-29,0.00650991061018269
513.24,517.95,518.16,509.66,19728229,2025-09-30,0.0033980113910609955
514.8,519.71,520.505,511.69,22632336,2025-10-01,-0.007638875526736144
517.64,515.74,521.6,510.6791,21222886,2025-10-02,0.003121728002482005
517.1,517.35,520.49,515.0,15112321,2025-10-03,0.021687445636416447
518.61,528.57,531.03,518.2,21388581,2025-10-06,-0.008683807253533127
528.285,523.98,529.8,521.44,14615208,2025-10-07,0.0016603687163632141
523.28,524.85,526.95,523.09,13363447,2025-10-08,-0.004668000381061299
522.335,522.4,524.325,517.4,18343602,2025-10-09,-0.02189892802450233
519.64,510.96,523.58,509.63,24133840,2025-10-10,0.006047440112728841
516.41,514.05,516.41,511.68,14284238,2025-10-13,-0.0009337613072656348
510.225,513.57,515.282,506.0,14684300,2025-10-14,-0.00027260159277231466
514.955,513.43,517.19,510.0,14694654,2025-10-15,-0.0035447870206258836
512.58,511.61,516.85,508.13,15559565,2025-10-16,0.0038505893160807325
509.04,513.58,515.48,507.31,19867765,2025-10-17,0.0062502433895399445
514.61,516.79,518.7,513.43,14665620,2025-10-20,0.0016834691073743802
517.5,517.66,518.69,513.04,15586204,2025-10-21,0.005563497276204421
521.15,520.54,525.23,517.71,18962694,2025-10-22,3.842163906697671e-05
522.46,520.56,523.95,518.61,14023532,2025-10-23,0.005859074842477385
522.79,523.61,525.345,520.71,15532360,2025-10-24,0.015106663356314831
531.78,531.52,534.58,529.01,18734716,2025-10-27,0.01984873570138479
550.0,542.07,553.72,540.77,29986683,2025-10-28,-0.0009592857011089251
544.94,541.55,546.27,536.7287,36023004,2025-10-29,-0.02915704921059914
530.48,525.76,534.97,522.12,41023088,2025-10-30,-0.01512096774193561
528.875,517.81,529.32,515.1,34006424,2025-10-31,
