time,open,close,high,low,volume,ret
2022-01-03,145.055,144.9915,145.851,143.71275,28678940.0,-0.004082997968846591
2022-01-04,145.39600000000002,144.3995,146.48489,143.71625,28399440.0,-0.04587619763226314
2022-01-05,144.42000000000002,137.775,144.49938,137.68800000000002,54618280.0,-0.0001996007984031989
2022-01-06,136.99849999999998,137.7475,139.94,136.5585,37347420.0,-0.0053031815459446685
2022-01-07,138.1455,137.017,138.4485,135.7665,29760560.0,0.012060547231365515
2022-01-10,135.078,138.6695,138.8195,133.1645,44408120.0,0.007690948622443905
2022-01-11,138.007,139.736,140.216,136.69225,28729700.0,0.012126438426747654
2022-01-12,141.15,141.4305,142.60775,140.6945,26112040.0,-0.020105281392627572
2022-01-13,141.54000000000002,138.587,142.85,138.409,31436600.0,0.006447213663619333
2022-01-14,137.079,139.4805,140.74200000000002,136.99849999999998,29661280.0,0.0
2022-01-17,139.4805,139.4805,139.4805,139.4805,0.0,-0.024967647807399684
2022-01-18,136.175,135.998,137.13150000000002,135.43824999999998,34888100.0,-0.006481712966367015
2022-01-19,136.52349999999998,135.1165,137.9595,135.0155,28647640.0,-0.013388446266740184
2022-01-20,136.25,133.3075,137.626,132.96466,29907140.0,-0.022174296269902194
2022-01-21,132.5935,130.35150000000002,134.86552999999998,130.0865,55651420.0,0.003471383144804552
2022-01-24,125.978,130.804,131.203,124.5,76694240.0,-0.02957860615883301
2022-01-25,128.74,126.935,129.399,126.50050000000002,46960560.0,0.018103753889786134
2022-01-26,131.119,129.233,133.0,127.142,49129500.0,-0.0017642552598795547
2022-01-27,131.304,129.005,132.65225,128.93229,32018780.0,0.033688616720282116
2022-01-28,129.659,133.351,133.3565,128.485,34361480.0,0.014641809960180385
2022-01-31,134.16199999999998,135.3035,135.473,132.2095,39986000.0,0.017298148237111288
2022-02-01,137.59449999999998,137.644,137.79275,134.36849999999998,68643640.0,0.07523756938188364
2022-02-02,151.25,148.0,151.54658,145.52251,123199220.0,-0.0331756756756757
2022-02-03,145.7055,143.09,149.675,142.66532,71517220.0,0.0014186875393109588
2022-02-04,143.44464,143.293,144.875,140.515,57998220.0,-0.02855687298053644
2022-02-07,144.25,139.201,144.25,138.9,54973300.0,0.0014224035746870367
2022-02-08,139.0265,139.399,140.0,137.01385,54283600.0,0.015731820170876487
2022-02-09,140.9635,141.592,142.52425,140.18703,40143880.0,-0.020989886434261917
2022-02-10,139.70350000000002,138.62,141.4845,137.957,39330660.0,-0.03129057856009243
2022-02-11,138.6,134.2825,139.15625,133.4,39958340.0,0.009260328039766952
2022-02-14,133.25650000000002,135.526,136.3,133.25650000000002,34301080.0,0.007987397252187556
2022-02-15,137.57049999999998,136.6085,138.1085,135.8215,26711260.0,0.008268153152988234
2022-02-16,136.6465,137.738,138.08599999999998,134.92374999999998,25021300.0,-0.03774557493211739
2022-02-17,136.243,132.53900000000002,137.1135,132.4785,38949500.0,-0.016116011136344977
2022-02-18,133.467,130.403,134.07,130.1965,45619440.0,0.0
2022-02-21,130.403,130.403,130.403,130.403,0.0,-0.004520601519903633
2022-02-22,129.83809000000002,129.8135,132.18025,128.22325,44990740.0,-0.017143825565137716
2022-02-23,131.64849999999998,127.588,132.051,127.5275,32786020.0,0.039995924381603265
2022-02-24,124.95325,132.691,133.0,124.95325,54455080.0,0.01332795743494275
2022-02-25,133.552,134.4595,135.2715,131.75150000000002,36405980.0,0.004443717253150625
2022-02-28,133.05,135.057,135.75150000000002,132.59224999999998,38864420.0,-0.00737096189016484
2022-03-01,134.8785,134.0615,136.2555,133.2185,26495360.0,0.003804224180693039
2022-03-02,134.628,134.5715,135.2625,133.07154,23519800.0,-0.004993627922702748
2022-03-03,136.01,133.8995,136.4395,133.02550000000002,24603240.0,-0.014884297551521763
2022-03-04,132.9275,131.9065,133.85150000000002,130.3375,30450640.0,-0.04190847304719625
2022-03-07,131.488,126.3785,131.735,126.295,45112940.0,0.005744648021617671
2022-03-08,126.25,127.1045,131.25,125.67469,40427100.0,0.04968746189159323
2022-03-09,131.25,133.42000000000002,133.7355,129.90050000000002,37025400.0,-0.00742392444910811
2022-03-10,131.26600000000002,132.42950000000002,133.27175,130.9125,27101400.0,-0.019323489101748637
2022-03-11,133.4885,129.8705,133.7955,129.63150000000002,31526440.0,-0.030180063986817607
2022-03-14,130.25,125.951,130.409,125.275,38811260.0,0.02577986677358668
2022-03-15,126.976,129.198,129.8545,125.7205,30919520.0,0.03159878635892199
2022-03-16,130.733,133.28050000000002,133.333,128.7345,35576980.0,0.00419041045014068
2022-03-17,133.149,133.839,134.0804,132.185,28263920.0,0.017083959085169687
2022-03-18,133.4245,136.12550000000002,136.244,132.25825,44566900.0,-0.00017630789234934774
2022-03-21,136.1635,136.10150000000002,137.05,134.09224999999998,26831680.0,0.02767419903527868
2022-03-22,136.10150000000002,139.868,141.05,136.10150000000002,35495540.0,-0.011385735121685947
2022-03-23,138.7025,138.27550000000002,139.5885,137.83499999999998,25153400.0,0.023840087361824525
2022-03-24,139.2,141.572,141.61875,137.75050000000002,26396560.0,0.0007134179074959057
2022-03-25,141.916,141.673,142.035,139.7375,24143080.0,-0.0015352254840371726
2022-03-28,140.90050000000002,141.4555,142.0025,139.81125,35049260.0,0.007422829087593064
2022-03-29,142.64749999999998,142.5055,143.7935,142.03825,34317020.0,-0.003978793800941016
2022-03-30,142.45999999999998,141.9385,142.72032,141.6,19884760.0,-0.020227070174758888
2022-03-31,142.053,139.0675,142.10775,139.0245,37524720.0,0.007787585165477395
2022-04-01,139.5,140.15050000000002,140.47075,138.3075,25941440.0,0.02012836201083812
2022-04-04,140.3585,142.9715,143.712,140.3105,25970840.0,-0.016650171537684
2022-04-05,142.869,140.591,142.9905,140.3825,21418120.0,-0.02875717506810538
2022-04-06,138.75,136.548,139.3605,135.517,32468480.0,-0.004829803439083791
2022-04-07,136.01,135.8885,137.1645,134.2274,26233600.0,-0.019140692553085814
2022-04-08,135.58350000000002,133.2875,135.67000000000002,132.9655,25142800.0,-0.033491512707493176
2022-04-11,131.8235,128.8235,132.0925,128.6685,36883060.0,-0.00860867776453822
2022-04-12,131.6,127.7145,131.6,126.78898999999998,32710700.0,0.017065407608376493
2022-04-13,128.0,129.894,130.334,127.74125,27927240.0,-0.02435832294024365
2022-04-14,130.4795,126.73,130.4795,126.601,31597980.0,0.0
2022-04-15,126.73,126.73,126.73,126.73,0.0,0.007468634104000671
2022-04-18,127.0,127.6765,128.2125,126.182,20808660.0,0.0182688278579064
2022-04-19,127.6915,130.009,130.333,126.99949999999998,26489760.0,-0.015145105338860931
2022-04-20,130.892,128.04000000000002,131.399,127.5,31695460.0,-0.025191346454233265
2022-04-21,129.25,124.8145,130.0985,124.5265,36445160.0,-0.041493576467477755
2022-04-22,125.0,119.6355,125.402,118.925,56883720.0,0.028741468878384913
2022-04-25,119.101,123.074,123.2775,118.511,46128260.0,-0.0359458537140257
2022-04-26,122.2945,118.65,122.51,118.511,73054880.0,-0.03670880741677207
2022-04-27,114.46925000000002,114.2945,117.242,112.73651,91820580.0,0.036992156227990014
2022-04-28,116.415,118.5225,119.6495,114.115,48884640.0,-0.03723343668923618
2022-04-29,116.7345,114.1095,117.91975,113.8145,42676000.0,0.02167654752671777
2022-05-02,113.405,116.583,116.7455,112.6,35533020.0,0.006441762521122385
2022-05-03,116.4305,117.334,118.44182,116.0345,24967360.0,0.04199123868614385
2022-05-04,117.0315,122.261,122.8545,115.116,49915280.0,-0.04707551876722749
2022-05-05,120.204,116.5055,121.03900000000002,115.00575,45840580.0,-0.006514713897627145
2022-05-06,115.1845,115.7465,117.5715,114.0155,39709580.0,-0.02795332904234682
2022-05-09,113.25,112.511,115.07709,112.00051,40802860.0,0.01674502937490563
2022-05-10,115.5075,114.395,116.25,112.9005,39900380.0,-0.006927750338738492
2022-05-11,113.2365,113.6025,116.36441,113.2365,37534740.0,-0.006676789683325746
2022-05-12,111.3775,112.844,114.295,109.8245,53836180.0,0.02841533444401123
2022-05-13,114.533,116.0505,117.875,113.60501,35038480.0,-0.013834494465771452
2022-05-16,114.9555,114.445,116.17,113.8895,25990440.0,0.017720302328629423
2022-05-17,116.8405,116.473,116.9,114.86975,23053160.0,-0.039266611145930774
2022-05-18,115.0,111.8995,115.4,111.5555,35125980.0,-0.01354340278553523
2022-05-19,111.4315,110.384,113.01,110.0,34144400.0,-0.01337150311639368
2022-05-20,111.951,108.908,112.1835,105.79636,48962960.0,0.023689719763470007
2022-05-23,109.5875,111.488,112.1475,108.741,37184940.0,-0.04949411595866815
2022-05-24,105.772,105.97,106.45825,101.88468,76779780.0,-0.0015570444465413669
2022-05-25,104.9855,105.805,106.5,103.8565,40257340.0,0.01878455649543964
2022-05-26,105.677,107.7925,108.6495,105.22486,37947220.0,0.041969524781408696
2022-05-27,109.483,112.3165,112.318,109.13825,37914120.0,0.0
2022-05-30,112.3165,112.3165,112.3165,112.3165,0.0,0.012869881094941471
2022-05-31,112.7465,113.762,115.735,112.0785,50012260.0,0.0011427365904255193
2022-06-01,114.855,113.892,117.10156,113.25,36605520.0,0.032754714993151524
2022-06-02,114.0,117.6225,117.8995,112.9465,37992280.0,-0.02619821887819085
2022-06-03,116.0625,114.541,116.32163,113.5185,26135460.0,0.019901170759815345
2022-06-06,116.7045,116.8205,119.347,116.16400000000002,33541540.0,0.002816286525053391
2022-06-07,115.4805,117.1495,117.691,115.052,31590460.0,0.0003798565081369887
2022-06-08,116.7615,117.194,118.5705,116.6,26107740.0,-0.02012475041384376
2022-06-09,116.3275,114.8355,118.299,114.776,25797960.0,-0.03199359083210329
2022-06-10,112.445,111.1615,113.279,110.36612,41481840.0,-0.04290154414972813
2022-06-13,106.7865,106.3925,108.7915,106.11918,47251920.0,0.0030359282844185653
2022-06-14,106.535,106.7155,107.9245,105.8,33706260.0,0.028571294704143213
2022-06-15,108.545,109.7645,111.4235,107.6695,39698180.0,-0.033990953359237186
2022-06-16,107.221,106.0335,108.64849999999998,105.13801,51684960.0,0.01046838970702657
2022-06-17,106.0335,107.1435,108.6995,105.046,51376520.0,0.0
2022-06-20,107.1435,107.1435,107.1435,107.1435,0.0,0.04107108690681183
2022-06-21,108.9295,111.544,112.48925,108.6,47415800.0,-0.0005065265724736312
2022-06-22,110.5565,111.4875,113.3465,110.38237999999998,30774140.0,0.006767574840228718
2022-06-23,112.2315,112.242,112.7425,110.50050000000002,28361920.0,0.05107713690062532
2022-06-24,112.995,117.975,118.079,112.9525,41163680.0,-0.018152150879423568
2022-06-27,118.273,115.8335,118.5795,115.17969,36420760.0,-0.033030168301916185
2022-06-28,115.8025,112.0075,117.3095,111.848,35880960.0,-0.002731959913398585
2022-06-29,111.552,111.7015,113.16025,110.87251,24716820.0,-0.02451623299597594
2022-06-30,110.0,108.963,110.888,106.75,43169060.0,-0.0020695098336132034
2022-07-01,107.933,108.7375,109.25,106.7305,35475660.0,0.0
2022-07-04,108.7375,108.7375,108.7375,108.7375,0.0,0.04161857684791359
2022-07-05,107.1005,113.263,113.37675,105.7315,39399640.0,0.011557172245128644
2022-07-06,113.302,114.572,115.5895,111.476,37431380.0,0.0367541807771532
2022-07-07,115.08,118.783,119.1895,114.8335,40935880.0,0.004802875832400133
2022-07-08,117.25,119.3535,119.685,116.90125,38238160.0,-0.030807642842480498
2022-07-11,117.998,115.6765,117.998,115.3305,31243700.0,-0.014315785833769246
2022-07-12,116.215,114.0205,116.974,113.69022,29959700.0,-0.023390530650190144
2022-07-13,111.701,111.3535,114.196,111.2015,43722020.0,-0.008854683507927397
2022-07-14,110.2105,110.3675,111.093,108.373,37003040.0,0.012775500033977316
2022-07-15,112.00050000000002,111.7775,113.1405,110.9,46769120.0,-0.024580080964415885
2022-07-18,112.64,109.03,113.68,108.37,43164588.0,0.04384114463909028
2022-07-19,110.85,113.81,114.02,109.56,36530945.0,0.0007907916703278062
2022-07-20,113.17,113.9,115.4,112.48,35600426.0,0.0038630377524144777
2022-07-21,114.28,114.34,114.55,111.1132,32676166.0,-0.05632324645793241
2022-07-22,111.0,107.9,112.34,106.5,48901184.0,-0.0036144578313253017
2022-07-25,108.41,107.51,109.87,106.3,34690894.0,-0.02316063621988662
2022-07-26,106.6,105.02,107.2,104.07,47990963.0,0.07655684631498771
2022-07-27,109.26,113.06,113.91,108.01,59858495.0,0.010260038917389025
2022-07-28,112.37,114.22,114.34,111.46,32816568.0,0.018385571703729564
2022-07-29,113.08,116.32,116.705,113.06,37223391.0,-0.012551581843191162
2022-08-01,115.3,114.86,116.72,114.34,26034288.0,0.0023506877938359594
2022-08-02,114.0,115.13,116.35,113.72,20236029.0,0.025623208546860177
2022-08-03,115.71,118.08,118.62,115.48,28499014.0,0.0009315718157181241
2022-08-04,117.48,118.19,118.78,116.89,21602925.0,-0.006091885946357567
2022-08-05,116.23,117.47,118.1056,116.0,19159520.0,-0.0014471780028944004
2022-08-08,118.39,117.3,120.15,116.88,19169479.0,-0.005711849957374282
2022-08-09,117.135,116.63,117.32,115.71,19086465.0,0.026322558518391492
2022-08-10,118.78,119.7,120.92,118.41,30930350.0,-0.007184628237259849
2022-08-11,121.28,118.84,121.49,118.56,24293654.0,0.023897677549646668
2022-08-12,120.26,121.68,121.68,119.46,19096268.0,0.0032873109796185407
2022-08-15,121.13,122.08,122.3,120.61,19494825.0,-0.0031127129750982974
2022-08-16,121.52,121.7,122.43,120.64,19041230.0,-0.017666392769104422
2022-08-17,120.12,119.55,121.29,119.38,22846958.0,0.0051861145964031685
2022-08-18,119.43,120.17,120.82,118.72,17987660.0,-0.024631771656819623
2022-08-19,119.06,117.21,119.15,116.76,21809528.0,-0.025339134886101844
2022-08-22,115.2,114.24,115.63,113.85,21456648.0,-0.0033263305322128733
2022-08-23,113.475,113.86,115.01,113.43,15870373.0,-0.0014930616546636744
2022-08-24,113.5,113.69,114.78,112.8701,17734624.0,0.02603571114433989
2022-08-25,114.235,116.65,116.72,114.11,16956794.0,-0.05409344192027432
2022-08-26,114.72,110.34,115.12,110.19,37245697.0,-0.008337864781584159
2022-08-29,109.99,109.42,110.95,108.8,21191157.0,-0.004386766587461177
2022-08-30,110.17,108.94,110.5,107.8,27513255.0,-0.006609142647328814
2022-08-31,110.65,108.22,110.85,108.13,28626972.0,0.014045462945851073
2022-09-01,108.28,109.74,110.445,107.36,28360926.0,-0.01722252597047569
2022-09-02,110.59,107.85,110.74,107.26,24160711.0,0.0
2022-09-05,107.85,107.85,107.85,107.85,0.0,-0.009643022716736116
2022-09-06,107.3,106.81,108.03,105.78,25068280.0,0.02471678681771361
2022-09-07,107.06,109.45,109.98,106.9,23166967.0,-0.009776153494746476
2022-09-08,108.04,108.38,109.6,107.16,24238293.0,0.020944823768223042
2022-09-09,109.065,110.65,110.99,109.02,23213585.0,0.0018978761861725424
2022-09-12,110.99,110.86,111.62,109.93,22966752.0,-0.05899332491430642
2022-09-13,107.8,104.32,108.3,104.09,38172871.0,0.006518404907975617
2022-09-14,104.57,105.0,105.275,103.66,26395134.0,-0.01990476190476198
2022-09-15,104.03,102.91,105.27,102.35,34188284.0,-0.0010688951511028666
2022-09-16,102.07,102.8,103.13,100.94,42797172.0,0.0026264591439688623
2022-09-19,101.75,103.07,103.33,101.55,23036811.0,-0.01872513825555444
2022-09-20,102.08,101.14,102.37,100.52,26517123.0,-0.018390350009887313
2022-09-21,101.67,99.28,102.88,99.27,31487265.0,0.00866236905721185
2022-09-22,98.82,100.14,101.24,98.79,34298619.0,-0.01398042740163774
2022-09-23,99.63,98.74,99.66,97.47,31625437.0,-0.005772736479643492
2022-09-26,98.1,98.17,99.88,97.8,27072662.0,-0.006824895589283897
2022-09-27,99.43,97.5,100.0,96.872,30072781.0,0.026153846153846194
2022-09-28,97.65,100.05,100.7,97.11,32466323.0,-0.026286856571714146
2022-09-29,98.64,97.42,98.64,95.96,31047224.0,-0.01816875384931227
2022-09-30,97.05,95.65,98.9,95.56,32941493.0,0.03125980135912165
2022-10-03,96.76,98.64,99.2872,96.521,27982031.0,0.03041362530413627
2022-10-04,100.44,101.64,101.84,100.38,28850773.0,-0.0020661157024792765
2022-10-05,99.825,101.43,101.93,98.8,22176903.0,-9.859016070201676e-05
2022-10-06,100.68,101.42,102.9254,100.59,22323989.0,-0.027016367580358858
2022-10-07,99.85,98.68,100.53,98.295,27502765.0,-0.008309687880016292
2022-10-10,99.0,97.86,99.095,97.01,18225094.0,-0.006948702227672077
2022-10-11,97.43,97.18,99.245,96.31,26507103.0,0.003910269602798833
2022-10-12,97.3,97.56,98.75,96.735,21876362.0,0.015375153751537418
2022-10-13,95.15,99.06,99.775,94.3836,34574549.0,-0.025237229961639462
2022-10-14,99.99,96.56,100.69,96.37,25410674.0,0.0353148301574151
2022-10-17,98.86,99.97,100.93,98.83,28419192.0,0.008002400720215963
2022-10-18,103.13,100.77,103.47,99.97,24060671.0,-0.011312890741292048
2022-10-19,100.01,99.63,101.0183,98.9201,23811064.0,0.0034126267188598902
2022-10-20,100.0,99.97,102.32,99.39,25323202.0,0.011603481044313302
2022-10-21,97.845,101.13,101.31,97.72,32458722.0,0.013744685058835193
2022-10-24,101.8,102.52,102.75,99.98,27176417.0,0.019118220834959176
2022-10-25,102.9,104.48,104.82,102.72,40611375.0,-0.09140505359877482
2022-10-26,96.43,94.93,98.31,94.69,88279042.0,-0.028547350679448136
2022-10-27,94.52,92.22,95.43,91.8,60710859.0,0.04413359358056823
2022-10-28,92.27,96.29,96.55,92.13,43697286.0,-0.0184858240731125
2022-10-31,95.42,94.51,96.03,93.98,31675036.0,-0.042746799280499514
2022-11-01,95.45,90.47,96.03,90.37,47161351.0,-0.03868685752183043
2022-11-02,90.94,86.97,91.18,86.88,57038282.0,-0.040703690927906044
2022-11-03,86.32,83.43,86.52,83.34,61288019.0,0.03775620280474645
2022-11-04,85.4,86.58,86.64,83.71,51124904.0,0.022060522060522114
2022-11-07,87.28,88.49,88.9,86.85,34078912.0,0.004633291897389702
2022-11-08,88.9,88.9,90.32,87.5901,30429025.0,-0.01777277840269975
2022-11-09,88.45,87.32,89.435,87.28,31769099.0,0.07581310123683016
2022-11-10,92.25,93.94,94.39,91.61,51620136.0,0.026293378752395125
2022-11-11,94.69,96.41,96.93,93.92,33090482.0,-0.007364381288248012
2022-11-14,95.09,95.7,96.79,94.51,30179539.0,0.028631138975966586
2022-11-15,98.26,98.44,100.14,96.71,41640816.0,0.004164973587972298
2022-11-16,97.9,98.85,99.6375,97.64,29105154.0,-0.004957005563985817
2022-11-17,96.97,98.36,99.28,96.79,26052599.0,-0.00945506303375343
2022-11-18,98.77,97.43,98.9,96.37,28342297.0,-0.01878271579595625
2022-11-21,97.29,95.6,98.4,95.355,21647387.0,0.015167364016736462
2022-11-22,95.95,97.05,97.22,94.05,23438480.0,0.014528593508500665
2022-11-23,97.09,98.46,98.76,97.09,18868092.0,0.0
2022-11-24,98.46,98.46,98.46,98.46,0.0,-0.010156408693885788
2022-11-25,98.24,97.46,98.64,97.4,9701441.0,-0.014467473835419575
2022-11-28,97.0363,96.05,97.58,95.61,26252433.0,-0.008953669963560618
2022-11-29,95.73,95.19,96.12,94.11,20061720.0,0.06093077003886971
2022-11-30,94.82,100.99,101.04,94.42,43647481.0,0.0
2022-12-01,101.02,100.99,102.25,100.25,28687096.0,-0.005446083770670351
2022-12-02,99.05,100.44,100.77,98.9,21480703.0,-0.009557945041815952
2022-12-05,99.4,99.48,101.38,99.0,24405087.0,-0.025130679533574618
2022-12-06,99.3,96.98,99.78,96.42,24910655.0,-0.021035265003093495
2022-12-07,96.41,94.94,96.8811,94.715,31045449.0,-0.012955550874236388
2022-12-08,95.38,93.71,95.58,93.45,32213288.0,-0.009390673353964263
2022-12-09,93.77,92.83,94.26,92.75,28225448.0,0.005170742216955793
2022-12-12,92.71,93.31,93.56,91.61,29009013.0,0.024863358696816995
2022-12-13,97.76,95.63,99.53,95.03,40593656.0,-0.005855902959322368
2022-12-14,95.2,95.07,96.87,93.6,28733599.0,-0.044283159777006365
2022-12-15,93.13,90.86,93.64,90.01,40107033.0,-0.006603565925599741
2022-12-16,90.76,90.26,91.33,89.52,58011847.0,-0.020163970751163385
2022-12-19,90.255,88.44,90.56,88.21,29493030.0,0.0065581184984169205
2022-12-20,88.11,89.02,89.175,87.4401,23453836.0,0.006290721186250403
2022-12-21,89.08,89.58,90.22,88.32,24745637.0,-0.02031703505246696
2022-12-22,88.16,87.76,88.54,86.32,27658293.0,0.016750227894257064
2022-12-23,87.11,89.23,89.545,87.07,23003035.0,0.0
2022-12-26,89.23,89.23,89.23,89.23,0.0,-0.020620867421270894
2022-12-27,88.795,87.39,88.94,87.01,20097346.0,-0.0156768508982722
2022-12-28,86.98,86.02,88.04,85.94,19523176.0,0.028249244361776338
2022-12-29,86.62,88.45,88.845,86.61,23333537.0,-0.0024872809496890858
2022-12-30,86.98,88.23,88.3,86.57,23986297.0,0.0
2023-01-02,88.23,88.23,88.23,88.23,0.0,0.010087271902980754
2023-01-03,89.585,89.12,91.05,88.52,28131224.0,-0.011669658886894196
2023-01-04,90.35,88.08,90.65,87.271,34854776.0,-0.021344232515894568
2023-01-05,87.47,86.2,87.57,85.9,27194375.0,0.013225058004640466
2023-01-06,86.79,87.34,87.69,84.86,41381495.0,0.007785665216395676
2023-01-09,88.36,88.02,90.05,87.86,29003901.0,0.004544421722335823
2023-01-10,85.98,88.42,88.67,85.83,30467755.0,0.03505994118977607
2023-01-11,89.18,91.52,91.6,89.01,26861969.0,-0.0042613636363636465
2023-01-12,91.48,91.13,91.87,89.75,30258135.0,0.010863601448480198
2023-01-13,90.85,92.12,92.19,90.1299,26329212.0,0.0
2023-01-16,92.12,92.12,92.12,92.12,0.0,-0.00900998697351274
2023-01-17,92.06,91.29,92.25,90.05,32602423.0,-0.0018621973929237035
2023-01-18,92.14,91.12,92.7999,90.64,29116691.0,0.021180860403863022
2023-01-19,90.72,93.05,93.605,90.63,37000395.0,0.053412144008597506
2023-01-20,95.1,98.02,98.3,95.02,63191078.0,0.018057539277698487
2023-01-23,97.95,99.79,100.04,97.5,40005055.0,-0.020943982362962243
2023-01-24,98.1,97.7,99.61,97.2,33078512.0,-0.025383828045035917
2023-01-25,95.57,95.22,96.162,93.76,42329952.0,0.02415458937198056
2023-01-26,96.5,97.52,97.57,95.38,30113974.0,0.01897046759639065
2023-01-27,97.31,99.37,100.32,97.31,33879753.0,-0.02445406058166455
2023-01-30,97.48,96.94,98.29,96.395,27226198.0,0.019599752424179995
2023-01-31,96.87,98.84,98.88,96.82,29870669.0,0.016086604613516853
2023-02-01,98.71,100.43,101.19,97.58,35531104.0,0.0727870158319226
2023-02-02,105.8,107.74,107.85,105.61,69883762.0,-0.02747354742899566
2023-02-03,102.93,104.78,107.81,102.58,65309261.0,-0.01794235541133804
2023-02-06,102.4,102.9,104.36,101.88,31999562.0,0.04606413994169101
2023-02-07,103.22,107.64,108.18,103.12,49010230.0,-0.07683017465626163
2023-02-08,102.05,99.37,103.14,98.035,94743515.0,-0.04387642145516757
2023-02-09,100.0,95.01,100.03,93.63,119455020.0,-0.0046310914640564915
2023-02-10,95.45,94.57,96.75,94.25,54980696.0,0.0004229671143070046
2023-02-13,94.74,94.61,95.2,93.84,50076120.0,0.000739879505337715
2023-02-14,94.43,94.68,94.845,92.26,54726120.0,0.02386987748204472
2023-02-15,94.49,96.94,97.12,94.15,50298481.0,-0.014751392613987946
2023-02-16,95.37,95.51,97.68,94.74,42462618.0,-0.012145325096848625
2023-02-17,94.85,94.35,95.5599,93.21,34284118.0,0.0
2023-02-20,94.35,94.35,94.35,94.35,0.0,-0.027133015368309366
2023-02-21,93.0,91.79,93.1,91.72,33629256.0,-0.0015252206122671197
2023-02-22,91.7,91.65,92.11,90.61,30884017.0,-0.008292416803055147
2023-02-23,91.92,90.89,91.94,89.76,41206380.0,-0.019364066453955386
2023-02-24,89.44,89.13,89.89,88.575,36585093.0,0.00830247952429053
2023-02-27,89.87,89.87,90.16,89.335,27502302.0,0.0021141649048626032
2023-02-28,89.33,90.06,91.23,89.32,30142039.0,0.0033311125916055673
2023-03-01,89.98,90.36,91.03,89.67,31111225.0,0.01814962372731288
2023-03-02,89.66,92.0,92.275,89.59,32226229.0,0.017934782608695743
2023-03-03,92.48,93.65,93.73,92.45,35160105.0,0.015803523758675775
2023-03-06,94.015,95.13,95.97,94.0,32639313.0,-0.013350152423000083
2023-03-07,94.98,93.86,95.67,93.53,27835476.0,0.0041551246537396835
2023-03-08,94.12,94.25,95.955,94.0,34103265.0,-0.020477453580901916
2023-03-09,94.05,92.32,95.53,91.9,28813532.0,-0.01830589254766024
2023-03-10,92.17,90.63,92.79,90.395,35941046.0,0.005296259516716306
2023-03-13,90.09,91.11,92.57,89.42,37335573.0,0.03139062671495996
2023-03-14,92.56,93.97,94.36,92.44,36050214.0,0.022773225497499272
2023-03-15,93.22,96.11,96.93,92.64,50622050.0,0.043803974612423247
2023-03-16,96.2,100.32,101.19,95.5,65567656.0,0.012958532695374947
2023-03-17,100.26,101.62,102.835,100.1,61028547.0,-0.003936233024995128
2023-03-20,100.12,101.22,101.75,99.87,32960440.0,0.03655404070341839
2023-03-21,101.25,104.92,105.1,101.22,42110279.0,-0.014773160503240512
2023-03-22,104.27,103.37,106.59,103.33,43427419.0,0.021572990229273392
2023-03-23,105.06,105.6,106.3,104.46,40797769.0,-0.0015151515151514694
2023-03-24,104.99,105.44,105.49,103.84,30411043.0,-0.028262518968133588
2023-03-27,104.615,102.46,104.76,101.9273,31120864.0,-0.013956666016006203
2023-03-28,102.44,101.03,102.45,99.74,32057865.0,0.003563298030287987
2023-03-29,102.28,101.39,102.49,100.65,28779572.0,-0.004931452805996606
2023-03-30,100.91,100.89,101.155,99.78,33086183.0,0.02814946971949661
2023-03-31,101.3,103.73,103.89,101.04,36863369.0,0.00607345994408548
2023-04-03,102.39,104.36,104.53,101.93,25035399.0,0.003449597546952843
2023-04-04,104.33,104.72,105.58,104.04,24420079.0,-0.0023873185637891536
2023-04-05,105.78,104.47,106.1,103.66,28290503.0,0.03780989757825215
2023-04-06,105.26,108.42,109.17,104.33,48711480.0,0.0
2023-04-07,108.42,108.42,108.42,108.42,0.0,-0.018262313226342086
2023-04-10,106.98,106.44,107.59,105.12,27067355.0,-0.010240511086057946
2023-04-11,106.55,105.35,106.73,104.68,26311803.0,-0.006739439962031302
2023-04-12,106.58,104.64,106.75,104.34,24370274.0,0.026662844036697386
2023-04-13,105.84,107.43,107.49,105.84,24843579.0,0.013404077073443155
2023-04-14,106.89,108.87,108.94,106.84,26578002.0,-0.02663727381280434
2023-04-17,104.658,105.97,106.16,104.52,37571218.0,-0.013871850523733076
2023-04-18,106.49,104.5,106.54,104.07,26596445.0,-0.003062200956937766
2023-04-19,103.58,104.18,104.98,103.07,20905684.0,0.010654636206565593
2023-04-20,103.91,105.29,106.25,103.8684,27820794.0,0.0011397093741094544
2023-04-21,105.47,105.41,106.0,104.78,25800082.0,0.0053125889384308955
2023-04-24,105.49,105.97,106.63,104.7,23542829.0,-0.02000566197980569
2023-04-25,105.825,103.85,106.69,103.84,46664104.0,-0.0013480982185845036
2023-04-26,104.92,103.71,106.35,102.63,53347560.0,0.03741201427056229
2023-04-27,104.45,107.59,108.37,103.54,50089187.0,-0.0023236360256528865
2023-04-28,107.04,107.34,107.35,105.09,36139847.0,-0.0013042668157257076
2023-05-01,106.84,107.2,107.99,106.82,26681680.0,-0.017537313432835933
2023-05-02,107.14,105.32,107.2,103.71,30997245.0,0.0008545385491833812
2023-05-03,105.53,105.41,107.49,104.96,21795405.0,-0.006830471492268231
2023-05-04,105.485,104.69,105.6,103.97,23419506.0,0.008405769414461695
2023-05-05,104.82,105.57,105.88,104.11,26639254.0,0.02083925357582639
2023-05-08,105.18,107.77,107.96,105.16,26511445.0,-0.0038971884568990145
2023-05-09,108.39,107.35,110.15,107.19,36360141.0,0.04098742431299485
2023-05-10,107.97,111.75,112.94,107.93,63153367.0,0.043131991051454044
2023-05-11,115.395,116.57,117.92,114.41,78900029.0,0.008063824311572487
2023-05-12,116.68,117.51,118.03,116.11,41102330.0,-0.008509914049868117
2023-05-15,116.11,116.51,118.48,116.01,36266765.0,0.025748862758561586
2023-05-16,116.49,119.51,120.75,116.43,45035558.0,0.0111287758346581
2023-05-17,119.61,120.84,121.67,118.89,33323588.0,0.0164680569347897
2023-05-18,120.95,122.83,123.31,120.83,35234233.0,-0.0005698933485304147
2023-05-19,123.55,122.76,125.97,122.15,41353445.0,0.018654284783316877
2023-05-22,122.94,125.05,126.43,122.74,35253034.0,-0.019912035185925547
2023-05-23,124.16,122.56,124.625,122.2104,34046251.0,-0.013544386422976507
2023-05-24,121.12,120.9,121.91,119.86,34182635.0,0.021339950372208483
2023-05-25,124.52,123.48,125.32,121.96,42316986.0,0.009151279559442838
2023-05-26,123.17,124.61,125.26,122.45,35635937.0,0.0
2023-05-29,124.61,124.61,124.61,124.61,0.0,-0.007543535831795234
2023-05-30,125.64,123.67,125.66,122.0,35076658.0,-0.0064688283334680685
2023-05-31,122.75,122.87,124.0601,122.5,37325787.0,0.006917880686904798
2023-06-01,122.815,123.72,124.42,122.62,30772683.0,0.0076786291626254055
2023-06-02,123.99,124.67,126.15,123.76,26980147.0,0.010748375711879365
2023-06-05,124.01,126.01,127.43,123.84,32305531.0,0.010316641536386006
2023-06-06,126.01,127.31,128.29,125.36,26638295.0,-0.03778179247506086
2023-06-07,126.97,122.5,129.04,122.12,52538986.0,-0.0029387755102040503
2023-06-08,122.225,122.14,123.225,121.24,29389167.0,0.0007368593417389491
2023-06-09,122.25,122.23,123.755,121.91,23778319.0,0.011535629550846638
2023-06-12,122.785,123.64,124.05,121.66,28338743.0,0.0015367195082496288
2023-06-13,124.98,123.83,125.16,123.18,22278313.0,-0.0012920939998384284
2023-06-14,123.1,123.67,124.05,121.45,30592297.0,0.011482170291905902
2023-06-15,123.14,125.09,125.46,122.4,35246268.0,-0.0124710208649772
2023-06-16,125.93,123.53,126.108,123.28,45535553.0,0.0
2023-06-19,123.53,123.53,123.53,123.53,0.0,-0.0034809358050676975
2023-06-20,122.93,123.1,124.57,122.14,26097492.0,-0.020714865962631945
2023-06-21,122.4,120.55,122.66,120.1,30306336.0,0.021567814184985545
2023-06-22,120.0,123.15,123.24,118.83,26952246.0,-0.006577344701583443
2023-06-23,121.38,122.34,122.7879,121.06,34913637.0,-0.03269576589831613
2023-06-26,120.76,118.34,122.0,118.265,33969897.0,-8.450228156164918e-05
2023-06-27,117.08,118.33,119.08,116.1,39535936.0,0.015634243218118904
2023-06-28,117.09,120.18,120.39,116.85,27091449.0,-0.008986520219670613
2023-06-29,119.24,119.1,120.06,118.295,24090902.0,0.005037783375315019
2023-06-30,120.17,119.7,121.08,119.69,29532241.0,0.001670843776107045
2023-07-03,119.24,119.9,120.19,118.8182,14467850.0,0.0
2023-07-04,119.9,119.9,119.9,119.9,0.0,0.015429524603836509
2023-07-05,119.24,121.75,122.61,119.23,27584809.0,-0.013470225872689978
2023-07-06,119.795,120.11,120.3,118.4,24778801.0,-0.005245191907418123
2023-07-07,120.1,119.48,121.05,119.4,21709549.0,-0.025359892869099454
2023-07-10,118.3,116.45,118.305,116.135,35315235.0,0.00592528982395879
2023-07-11,116.29,117.14,117.71,115.35,23078782.0,0.015280860508792848
2023-07-12,118.8,118.93,120.33,118.4145,30404409.0,0.0471706045573026
2023-07-13,120.93,124.54,124.83,120.45,44297915.0,0.007066002890637524
2023-07-14,124.8,125.42,126.775,123.49,33283076.0,-0.006139371711050834
2023-07-17,125.94,124.65,127.0999,124.195,25716215.0,-0.007139991977537119
2023-07-18,124.6,123.76,124.68,122.96,26226447.0,-0.013978668390433158
2023-07-19,124.6,122.03,125.18,121.8,37224033.0,-0.023191018601983138
2023-07-20,121.42,119.2,124.09,118.22,37906763.0,0.006879194630872387
2023-07-21,120.62,120.02,120.99,118.73,71606474.0,0.01258123646058995
2023-07-24,121.66,121.53,123.0,120.98,29723667.0,0.005595326256891298
2023-07-25,121.36,122.21,123.145,121.02,52509551.0,0.0577694133049671
2023-07-26,130.07,129.27,130.98,128.32,61682093.0,0.0010056470952271024
2023-07-27,131.67,129.4,133.24,128.79,44952074.0,0.024574961360123604
2023-07-28,130.78,132.58,133.74,130.57,36591158.0,0.001055966209081216
2023-07-31,132.73,132.72,133.525,131.775,28055531.0,-0.008815551537070476
2023-08-01,130.775,131.55,132.63,130.68,23276440.0,-0.0240973014063095
2023-08-02,129.45,128.38,130.09,127.56,26273258.0,0.0005452562704471031
2023-08-03,127.97,128.45,129.385,127.42,20159528.0,-0.0026469443363174028
2023-08-04,129.28,128.11,131.51,127.91,26147158.0,0.026695808289750822
2023-08-07,129.16,131.53,131.61,129.02,22746290.0,-0.0009883676727742152
2023-08-08,130.62,131.4,131.51,129.545,23535181.0,-0.01324200913242013
2023-08-09,131.66,129.66,132.04,129.0,24912918.0,0.00023137436372056008
2023-08-10,131.32,129.69,132.05,129.45,20857754.0,-0.0010023903153674185
2023-08-11,128.66,129.56,129.93,128.17,19591080.0,0.013661623958011848
2023-08-14,129.39,131.33,131.37,128.96,24695608.0,-0.011802330008375939
2023-08-15,131.1,129.78,131.42,129.28,19770732.0,-0.008321775312066682
2023-08-16,128.7,128.7,130.2809,127.865,25216068.0,0.009479409479409506
2023-08-17,129.8,129.92,131.99,129.29,33446280.0,-0.01893472906403937
2023-08-18,128.51,127.46,129.25,126.3824,30504769.0,0.007139494743449104
2023-08-21,127.175,128.37,128.725,126.56,25248729.0,0.005530887278959229
2023-08-22,128.51,129.08,130.278,128.32,22067520.0,0.025488069414316694
2023-08-23,130.18,132.37,133.41,129.87,27819713.0,-0.019566367001586538
2023-08-24,133.95,129.78,134.25,129.57,28500694.0,0.0007705347511173244
2023-08-25,129.54,129.88,130.76,127.25,26762891.0,0.008700338774253025
2023-08-28,131.31,131.01,132.54,130.14,20543266.0,0.027173498206243707
2023-08-29,132.24,134.57,136.57,132.24,43075556.0,0.00973471055955999
2023-08-30,134.78,135.88,136.275,134.07,28315769.0,0.0021342360906682067
2023-08-31,136.01,136.17,138.0,135.79,30053800.0,-0.0037453183520598232
2023-09-01,137.455,135.66,137.455,134.85,21543687.0,0.0
2023-09-04,135.66,135.66,135.66,135.66,0.0,0.0008108506560520201
2023-09-05,135.44,135.77,136.42,134.5801,19403112.0,-0.009648670545776006
2023-09-06,136.02,134.46,136.5299,133.665,18684534.0,0.00594972482522671
2023-09-07,133.59,135.26,135.58,132.95,18844342.0,0.008280348957563355
2023-09-08,134.91,136.38,136.66,134.85,23584188.0,0.003959524857017005
2023-09-11,136.54,136.92,137.48,135.785,20763350.0,-0.011539585159216936
2023-09-12,136.26,135.34,136.8701,135.19,18405505.0,0.01012265405645052
2023-09-13,135.09,136.71,136.9,134.15,20749496.0,0.010167507863360292
2023-09-14,137.6,138.1,138.695,136.24,24750968.0,-0.005068790731354023
2023-09-15,137.98,137.4,138.52,136.48,38919614.0,0.005895196506550127
2023-09-18,136.61,138.21,139.16,136.61,21861346.0,-0.0012300123001230956
2023-09-19,137.42,138.04,138.41,136.62,20353653.0,-0.03115039119095897
2023-09-20,138.08,133.74,138.08,133.62,29927475.0,-0.024674742036787878
2023-09-21,131.44,130.44,132.23,130.07,31503910.0,-0.0014566084023305281
2023-09-22,130.76,130.25,132.025,129.6,26397337.0,0.006602687140115249
2023-09-25,129.83,131.11,131.17,128.96,20094643.0,-0.01941118145069043
2023-09-26,129.77,128.565,130.3645,127.22,25718704.0,0.015361879205071372
2023-09-27,128.57,130.54,130.895,128.57,22746452.0,0.013559062356365947
2023-09-28,129.84,132.31,133.3,129.79,22513132.0,-0.01095911117829329
2023-09-29,133.28,130.86,134.05,130.36,30859790.0,0.025294207550053294
2023-10-02,131.21,134.17,134.42,131.17,22288038.0,-0.012968621897592514
2023-10-03,133.94,132.43,134.26,131.84,22989401.0,0.021218757079211725
2023-10-04,132.79,135.24,135.57,132.53,26752295.0,-0.0012570245489501586
2023-10-05,135.07,135.07,135.49,133.45,19832615.0,0.01858295698526713
2023-10-06,134.01,137.58,138.155,134.01,27597598.0,0.0061055385957260455
2023-10-09,136.94,138.42,138.94,135.61,19278070.0,-0.002600780234070066
2023-10-10,138.5,138.06,139.72,137.33,27786613.0,0.018035636679704536
2023-10-11,138.58,140.55,141.11,138.58,25884303.0,-0.011241551049448684
2023-10-12,141.05,138.97,141.22,138.26,24765537.0,-0.011585234223213559
2023-10-13,139.38,137.36,140.0,136.615,23435599.0,0.0126310425160161
2023-10-16,138.17,139.095,139.63,137.99,28501871.0,0.00449333189546719
2023-10-17,138.63,139.72,139.9,137.18,23515780.0,-0.012596621815058606
2023-10-18,139.445,137.96,140.72,137.38,23374998.0,-0.0015221803421282543
2023-10-19,138.5,137.75,139.66,137.38,26066011.0,-0.015607985480943776
2023-10-20,137.33,135.6,137.87,135.08,26335673.0,0.006637168141592875
2023-10-23,135.04,136.5,137.6599,133.95,26317930.0,0.01692307692307704
2023-10-24,137.83,138.81,139.3599,137.42,44814321.0,-0.09509401339961099
2023-10-25,128.16,125.61,128.31,125.07,84366208.0,-0.02651062813470262
2023-10-26,123.27,122.28,124.3297,121.27,57061140.0,-0.0008995747464835002
2023-10-27,122.88,122.17,123.31,120.2057,44566506.0,0.018744372595563386
2023-10-30,123.21,124.46,125.4,122.75,28940081.0,-0.0030531897798489194
2023-10-31,125.06,124.08,125.37,122.685,26292342.0,0.01910058027079309
2023-11-01,124.07,126.45,126.49,123.715,30082438.0,0.008224594701462973
2023-11-02,128.42,127.49,128.98,126.93,27124647.0,0.012628441446387972
2023-11-03,128.02,129.1,129.525,127.86,26393109.0,0.008907823392718894
2023-11-06,129.05,130.25,130.34,128.67,19052740.0,0.005527831094049862
2023-11-07,130.71,130.97,131.91,129.88,29757276.0,0.006642742612812169
2023-11-08,130.97,131.84,132.21,130.78,26425849.0,-0.012135922330097082
2023-11-09,131.96,130.24,132.55,130.065,23747773.0,0.018043611793611802
2023-11-10,130.105,132.59,132.8,129.41,26927826.0,-0.003771023455765854
2023-11-13,131.78,132.09,132.59,131.25,18324751.0,0.01158301158301156
2023-11-14,134.19,133.62,135.7,133.32,32395178.0,0.007483909594372173
2023-11-15,134.87,134.62,135.03,133.57,23861515.0,0.01715941167731394
2023-11-16,135.19,136.93,137.2199,134.32,28013179.0,-0.011830862484481175
2023-11-17,136.0,135.31,136.06,133.65,37287691.0,0.006947010568324474
2023-11-20,133.69,136.25,136.66,133.62,27850762.0,0.005284403669724824
2023-11-21,136.29,136.97,137.18,135.96,22635272.0,0.011097320581149317
2023-11-22,137.47,138.49,139.42,137.47,17820456.0,0.0
2023-11-23,138.49,138.49,138.49,138.49,0.0,-0.012997328326955104
2023-11-24,138.03,136.69,138.13,135.99,12514322.0,-0.002048430755724695
2023-11-27,136.03,136.41,138.42,136.0,23436526.0,0.005791364269481569
2023-11-28,136.08,137.2,137.25,135.4222,18730032.0,-0.016107871720116518
2023-11-29,137.57,134.99,138.288,134.84,23967222.0,-0.01822357211645309
2023-11-30,135.05,132.53,135.55,131.28,38988263.0,-0.005055459141326435
2023-12-01,131.86,131.86,132.11,130.665,31442263.0,-0.019642044592749874
2023-12-04,129.88,129.27,130.03,127.9,36669876.0,0.013305484644542398
2023-12-05,128.95,130.99,132.14,128.25,27384784.0,-0.007405145430948945
2023-12-06,131.44,130.02,131.84,129.875,23576176.0,0.05314566989693881
2023-12-07,135.04,136.93,138.56,134.7,56767100.0,-0.014167822975242772
2023-12-08,134.2,134.99,136.4,134.025,32260112.0,-0.012593525446329523
2023-12-11,132.38,133.29,133.335,131.36,31138011.0,-0.005776877485182519
2023-12-12,131.81,132.52,133.0,131.26,29032831.0,0.00037730153939019573
2023-12-13,133.38,132.57,133.5,131.57,30104775.0,-0.004752206381534285
2023-12-14,133.38,131.94,133.72,129.685,38722413.0,0.005002273760800424
2023-12-15,131.62,132.6,133.51,131.18,50847113.0,0.024132730015083093
2023-12-18,132.63,135.8,137.1478,132.43,32257967.0,0.006259204712812938
2023-12-19,136.84,136.65,137.47,136.08,25476753.0,0.012367361873399263
2023-12-20,138.97,138.34,141.695,138.065,49107179.0,0.01503541997975999
2023-12-21,139.49,140.42,140.685,139.18,27488284.0,0.007619997151403046
2023-12-22,140.77,141.49,141.99,140.71,26532199.0,0.0
2023-12-25,141.49,141.49,141.49,141.49,0.0,0.00021202911866557983
2023-12-26,141.59,141.52,142.68,141.19,16780333.0,-0.008126059920859241
2023-12-27,141.59,140.37,142.08,139.886,19628618.0,-0.0009973641091401975
2023-12-28,140.78,140.23,141.14,139.75,16045712.0,-0.0038508165157241647
2023-12-29,139.63,139.69,140.36,138.78,18733017.0,0.0
2024-01-01,139.69,139.69,139.69,139.69,0.0,-0.010881237024840784
2024-01-02,138.55,138.17,139.45,136.48,23711220.0,0.0054280958239849575
2024-01-03,137.25,138.92,139.63,137.08,24212147.0,-0.018211920529801362
2024-01-04,138.42,136.39,139.16,136.35,27137735.0,-0.00483906444754012
2024-01-05,136.745,135.73,137.1558,135.15,22513854.0,0.022913136373683196
2024-01-08,136.29,138.84,139.01,136.26,21403982.0,0.015197349467012344
2024-01-09,138.5,140.95,141.485,138.15,24759598.0,0.00943597020219955
2024-01-10,141.0,142.28,143.0,140.91,21320203.0,-0.0014056789429293115
2024-01-11,143.49,142.08,145.22,140.635,24008722.0,0.004011824324324342
2024-01-12,142.67,142.65,143.195,141.82,18785514.0,0.0
2024-01-15,142.65,142.65,142.65,142.65,0.0,-0.0011216263582194408
2024-01-16,142.0,142.49,144.35,141.45,22670467.0,-0.0071583970804969255
2024-01-17,141.345,141.47,141.84,138.9,20968649.0,0.014207959284654015
2024-01-18,142.05,143.48,144.21,141.99,25746417.0,0.020211876219682123
2024-01-19,144.74,146.38,146.45,144.38,34271867.0,-0.002664298401420906
2024-01-22,147.1,145.99,148.39,145.84,32200369.0,0.0071922734433864655
2024-01-23,145.89,147.04,147.182,145.5,21636129.0,0.011289445048966229
2024-01-24,148.54,148.7,149.855,148.1,25233450.0,0.021318090114324173
2024-01-25,150.065,151.87,153.05,149.54,29149069.0,0.002074142358596154
2024-01-26,151.1,152.185,152.535,151.01,26115494.0,0.008706508525807344
2024-01-29,152.06,153.51,153.78,151.43,27784259.0,-0.01335417888085455
2024-01-30,152.8,151.46,153.62,151.185,36331833.0,-0.07500330120163745
2024-01-31,143.62,140.1,144.0,139.87,71910044.0,0.007566024268379712
2024-02-01,142.12,141.16,143.06,140.79,40466549.0,0.0086426749787476
2024-02-02,139.26,142.38,142.62,136.5,62499574.0,0.009130495856159548
2024-02-05,142.82,143.68,145.47,142.78,38505405.0,0.002923162583518879
2024-02-06,144.65,144.1,145.36,143.19,29128201.0,0.009993060374739793
2024-02-07,144.76,145.54,145.615,143.925,25208862.0,0.0025422564243506862
2024-02-08,145.83,145.91,146.33,145.105,22563764.0,0.02117743814680284
2024-02-09,146.68,149.0,149.44,146.18,26829504.0,-0.009865771812080482
2024-02-12,148.42,147.53,149.335,147.37,21564085.0,-0.01620009489595342
2024-02-13,144.92,145.14,146.67,143.69,27837730.0,0.005511919525974962
2024-02-14,146.08,145.94,146.52,144.094,22704166.0,-0.021721255310401477
2024-02-15,143.14,142.77,143.52,140.46,37590695.0,-0.015759613364152103
2024-02-16,142.99,140.52,143.19,140.14,31468926.0,0.0
2024-02-19,140.52,140.52,140.52,140.52,0.0,0.004269854824935804
2024-02-20,139.655,141.12,142.08,139.49,24935710.0,0.010133219954648665
2024-02-21,141.45,142.55,142.69,140.675,23315687.0,0.010803226937916355
2024-02-22,144.93,144.09,145.0,142.8,27191892.0,-0.0009022138940939506
2024-02-23,143.67,143.96,144.68,143.43,19493752.0,-0.044387329813837306
2024-02-26,142.14,137.57,142.44,137.39,53641795.0,0.009522424947299601
2024-02-27,138.02,138.88,139.25,137.09,33099190.0,-0.018001152073732762
2024-02-28,137.9,136.38,138.01,135.41,37328558.0,0.015251503152954982
2024-02-29,137.28,138.46,138.86,136.4,42132953.0,-0.009533439260436372
2024-03-01,138.43,137.14,138.87,136.92,31151116.0,-0.027635992416508603
2024-03-04,135.66,133.35,135.66,131.91,55999415.0,-0.00509936257967758
2024-03-05,131.88,132.67,133.24,130.665,40194757.0,-0.009572623803421942
2024-03-06,133.12,131.4,133.58,130.85,35318610.0,0.02267884322678837
2024-03-07,132.795,134.38,134.94,131.61,37738209.0,0.00766483107605298
2024-03-08,134.21,135.41,138.085,134.0,39370392.0,0.016690052433350422
2024-03-11,136.13,137.67,139.095,136.13,32437772.0,0.006028909711629282
2024-03-12,137.03,138.5,139.375,137.03,27563354.0,0.009314079422382715
2024-03-13,139.0,139.79,141.09,138.99,23347208.0,0.023678374704914518
2024-03-14,141.19,143.1,143.585,140.455,42753387.0,-0.013417190775681265
2024-03-15,142.5,141.18,143.18,140.03,49475417.0,0.046040515653775316
2024-03-18,148.61,147.68,152.15,147.17,69273699.0,-0.004401408450704247
2024-03-19,148.16,147.03,148.7913,146.08,24070435.0,0.011630279534788901
2024-03-20,148.0,148.74,148.86,146.735,21311501.0,-0.007664380798709236
2024-03-21,149.47,147.6,150.37,146.9001,24755597.0,0.021476964769647777
2024-03-22,149.12,150.77,151.58,148.98,29211769.0,-0.004642833454931439
2024-03-25,149.94,150.07,150.375,147.82,19229285.0,0.003998134204038051
2024-03-26,150.22,150.67,152.256,149.98,22149137.0,0.0013274042609678904
2024-03-27,151.18,150.87,151.635,148.9,22879178.0,0.00039769337840533936
2024-03-28,150.85,150.93,151.43,150.17,24485390.0,0.0
2024-03-29,150.93,150.93,150.93,150.93,0.0,0.030212681375472172
2024-04-01,150.69,155.49,155.74,150.61,31730848.0,-0.005981092031641988
2024-04-02,153.5,154.56,154.7,152.15,24585985.0,0.0023291925465838137
2024-04-03,153.6,154.92,155.08,152.73,24704991.0,-0.028337206300025786
2024-04-04,153.5,150.53,154.77,150.45,34724738.0,0.013087092273965206
2024-04-05,150.03,152.5,153.42,149.6,23459246.0,0.015409836065573668
2024-04-08,152.78,154.85,155.27,152.61,20701974.0,0.011301259283177378
2024-04-09,156.085,156.6,158.56,155.19,31113013.0,-0.002937420178799499
2024-04-10,156.21,156.14,156.61,154.68,22838629.0,0.020942743691559018
2024-04-11,156.91,159.41,159.68,156.46,27166431.0,-0.010538862053823483
2024-04-12,157.96,157.73,160.2225,157.14,25353746.0,-0.01819565079566332
2024-04-15,158.86,154.86,159.24,154.59,27136472.0,-0.0029704248999096183
2024-04-16,154.19,154.4,155.65,153.43,20779495.0,0.006930051813471394
2024-04-17,155.62,155.47,157.08,154.58,21763130.0,0.003473338907827861
2024-04-18,155.34,156.01,156.94,154.62,19883044.0,-0.012306903403627945
2024-04-19,156.2,154.09,156.36,152.3,32615639.0,0.014212473229930467
2024-04-22,154.31,156.28,157.64,154.06,26446206.0,0.012669567443050811
2024-04-23,156.96,158.26,158.97,156.28,21151568.0,0.0054972829521040545
2024-04-24,157.49,159.13,159.565,157.165,22779112.0,-0.01966945264877773
2024-04-25,151.33,156.0,156.49,150.87,57109730.0,0.1022435897435896
2024-04-26,174.37,171.95,174.71,169.65,64665299.0,-0.03373073567897633
2024-04-29,169.058,166.15,169.55,165.21,45610024.0,-0.020282876918447212
2024-04-30,165.612,162.78,168.1,162.6,33562861.0,0.006634721710283786
2024-05-01,164.3,163.86,167.12,163.09,33493151.0,0.016843647015745145
2024-05-02,164.785,166.62,166.73,163.89,24294549.0,0.003721041891729726
2024-05-03,167.56,167.24,167.96,163.05,34662432.0,0.00514231045204494
2024-05-06,167.46,168.1,168.14,166.03,21871283.0,0.0187388459250446
2024-05-07,168.5,171.25,171.76,168.39,28039696.0,-0.010919708029197062
2024-05-08,169.0,169.38,170.15,168.735,19569146.0,0.0034242531585784164
2024-05-09,169.39,169.96,170.69,168.18,15346700.0,-0.007707695928453773
2024-05-10,168.025,168.65,169.85,166.19,29799931.0,0.0029054254372959942
2024-05-13,164.26,169.14,169.28,164.0,31327602.0,0.00709471443774401
2024-05-14,169.77,170.34,171.25,168.8,25127138.0,0.012739227427497779
2024-05-15,170.63,172.51,172.65,170.51,26948370.0,0.00968059822618983
2024-05-16,173.29,174.18,175.115,172.69,27867947.0,0.010793432081754428
2024-05-17,174.18,176.06,176.265,173.69,24479262.0,0.004884698398273324
2024-05-20,176.192,176.92,178.77,176.08,22554400.0,0.005256613158489687
2024-05-21,176.9,177.85,178.15,175.81,16989369.0,-0.008265392184425124
2024-05-22,176.644,176.38,177.15,175.21,17880042.0,-0.016044903050232318
2024-05-23,177.07,173.55,178.25,172.95,21024935.0,0.008297320656871277
2024-05-24,174.98,174.99,175.77,173.65,16579438.0,0.0
2024-05-27,174.99,174.99,174.99,174.99,0.0,0.008057603291616644
2024-05-28,174.45,176.4,177.27,174.365,20572157.0,-0.0028344671201814275
2024-05-29,175.43,175.9,176.836,174.72,23388693.0,-0.021546333143831697
2024-05-30,175.2,172.11,175.22,171.79,22958677.0,0.002265992679100437
2024-05-31,171.86,172.5,173.06,169.44,37638876.0,0.003884057971014432
2024-06-03,172.54,173.17,174.525,171.16,27459118.0,0.003580296818155526
2024-06-04,173.28,173.79,173.845,171.89,26879596.0,0.009321595028482621
2024-06-05,175.2,175.41,176.645,173.9339,22068519.0,0.007525226611937663
2024-06-06,175.895,176.73,177.15,175.75,23251013.0,-0.012844451988909489
2024-06-07,177.05,174.46,177.87,174.3,19661399.0,0.0031525851197982124
2024-06-10,174.97,175.01,177.06,172.76,23779218.0,0.00919947431575352
2024-06-11,176.22,176.62,176.84,173.7701,21540582.0,0.00662439134865811
2024-06-12,178.25,177.79,180.41,176.11,27864737.0,-0.014792732999606262
2024-06-13,176.11,175.16,176.74,174.88,20913299.0,0.009305777574788676
2024-06-14,174.22,176.79,177.0623,174.15,18063555.0,0.002545392838961602
2024-06-17,175.46,177.24,178.36,174.81,19618497.0,-0.012130444594899648
2024-06-18,177.14,175.09,177.385,174.1042,21869857.0,0.0
2024-06-19,175.09,175.09,175.09,175.09,0.0,0.006910731623736455
2024-06-20,175.37,176.3,177.29,174.99,20160085.0,0.0188882586500283
2024-06-21,177.0,179.63,180.85,176.61,58582743.0,-0.0022824695206813406
2024-06-24,180.16,179.22,180.89,178.67,18298012.0,0.026838522486329675
2024-06-25,179.62,184.03,184.29,179.42,23235589.0,-0.0008150844970928883
2024-06-26,182.63,183.88,184.51,182.48,19838972.0,0.008320643898194424
2024-06-27,184.18,185.41,186.05,184.02,18848884.0,-0.017582654657246066
2024-06-28,184.32,182.15,185.13,181.96,29156644.0,0.004611583859456481
2024-07-01,183.03,182.99,183.88,181.3,16006128.0,0.012295753866331527
2024-07-02,182.05,185.24,185.57,181.56,17372485.0,0.0031310732023319687
2024-07-03,184.85,185.82,186.09,184.0,10242126.0,0.0
2024-07-04,185.82,185.82,185.82,185.82,0.0,0.025723818749327387
2024-07-05,185.855,190.6,190.86,185.8,20967450.0,-0.008237145855194083
2024-07-08,189.895,189.03,190.17,187.78,21035886.0,-0.00026450827910917685
2024-07-09,190.31,188.98,191.36,188.72,15141312.0,0.011641443538998875
2024-07-10,189.15,191.18,191.75,189.03,15952454.0,-0.02934407364787117
2024-07-11,189.845,185.57,190.86,185.08,25625784.0,-0.002694401034650018
2024-07-12,185.08,185.07,187.11,184.49,22898406.0,0.007888906900091808
2024-07-15,184.92,186.53,188.24,184.92,16474043.0,-0.013992387283546903
2024-07-16,187.36,183.92,188.68,183.3736,18290722.0,-0.0157677250978685
2024-07-17,182.965,181.02,183.55,179.9,20734071.0,-0.018395757374875754
2024-07-18,181.93,177.69,182.5,176.47,25315727.0,-0.0001688333614722204
2024-07-19,178.88,177.66,180.29,177.13,18881885.0,0.02257120342226715
2024-07-22,180.59,181.67,182.7,180.23,24100345.0,0.0006605383387461305
2024-07-23,182.05,181.79,183.61,181.54,36352714.0,-0.050387810110567144
2024-07-24,173.6,172.63,176.19,171.82,49585203.0,-0.030991137114058986
2024-07-25,172.52,167.28,173.42,167.19,44851973.0,-0.0016738402678144748
2024-07-26,167.15,167.0,168.09,164.06,41336886.0,0.015149700598802385
2024-07-29,168.83,169.53,170.43,167.99,20293822.0,0.004482982363003485
2024-07-30,170.24,170.29,171.2299,168.44,18959686.0,0.007340419284749489
2024-07-31,173.24,171.54,174.245,170.01,25729090.0,-0.004547044421126301
2024-08-01,170.25,170.76,174.05,168.88,24531392.0,-0.024010306863433972
2024-08-02,166.44,166.66,168.51,164.67,29130102.0,-0.04446177847113886
2024-08-05,155.5,159.25,164.43,154.93,53630673.0,-0.006028257456828889
2024-08-06,159.33,158.29,160.57,156.41,49004561.0,0.004106387011181933
2024-08-07,161.25,158.94,162.98,158.47,25138573.0,0.019441298603246615
2024-08-08,160.51,162.03,163.69,160.21,25578839.0,0.01012158242300809
2024-08-09,160.01,163.67,163.79,159.06,28602285.0,-0.008431600171075915
2024-08-12,164.35,162.29,164.9,161.84,15895286.0,0.011522583030377787
2024-08-13,163.41,164.16,164.73,162.97,18551690.0,-0.023087231968810906
2024-08-14,162.4,160.37,163.22,157.71,40591126.0,0.005799089605287744
2024-08-15,160.5,161.3,161.635,159.61,31524252.0,0.010291382517048975
2024-08-16,161.47,162.96,165.06,161.13,24208647.0,0.022766323024054902
2024-08-19,165.28,166.67,166.69,164.26,22416185.0,0.003059938801224016
2024-08-20,166.9,167.18,168.64,166.82,18341533.0,-0.007955497069027428
2024-08-21,165.15,165.85,166.85,164.67,22901997.0,-0.012360566777208204
2024-08-22,167.26,163.8,167.59,163.31,22493275.0,0.011111111111111072
2024-08-23,164.72,165.62,166.18,163.83,13955741.0,0.0032604757879481916
2024-08-26,166.38,166.16,167.55,164.455,14190417.0,-0.008907077515647455
2024-08-27,165.835,164.68,166.4426,164.46,11821941.0,-0.01111246052951187
2024-08-28,165.035,162.85,165.6,161.5284,16407444.0,-0.006570463616825228
2024-08-29,164.31,161.78,165.97,160.25,19699767.0,0.009889974038818083
2024-08-30,162.615,163.38,163.66,161.6925,22123811.0,0.0
2024-09-02,163.38,163.38,163.38,163.38,0.0,-0.036846615252784765
2024-09-03,161.72,157.36,161.85,156.48,38945301.0,-0.0057829181494662985
2024-09-04,156.655,156.45,159.0,155.9616,19353759.0,0.005049536593160875
2024-09-05,156.3,157.24,159.45,155.9805,18688747.0,-0.04019333502925482
2024-09-06,157.3,150.92,157.83,150.55,37912130.0,-0.01464351974556044
2024-09-09,152.51,148.71,153.4,147.215,39260451.0,-0.0003362248671912038
2024-09-10,150.45,148.66,151.27,148.34,31118765.0,0.01681689761872729
2024-09-11,149.92,151.16,151.5,147.52,29607693.0,0.023352738819793606
2024-09-12,153.8,154.69,154.82,152.65,29695048.0,0.017906781304544594
2024-09-13,155.43,157.46,158.38,155.21,29591152.0,0.003810491553410289
2024-09-16,157.31,158.06,158.25,156.6,18379775.0,0.00797165633303809
2024-09-17,159.02,159.32,160.55,158.375,20715612.0,0.0030755711775043437
2024-09-18,159.86,159.81,160.5,158.595,23677315.0,0.014579813528565078
2024-09-19,163.71,162.14,163.79,161.34,26587733.0,0.00894288886147776
2024-09-20,163.5,163.59,163.73,162.06,40896438.0,-0.010636346964973509
2024-09-23,164.35,161.85,165.49,161.67,24150852.0,0.002718566573988168
2024-09-24,163.03,162.29,163.2158,160.69,23332147.0,-0.0049294472857229765
2024-09-25,161.47,161.49,162.81,161.3,18869199.0,0.007678494024397686
2024-09-26,163.64,162.73,164.08,162.28,20319336.0,0.007497081054507415
2024-09-27,162.81,163.95,165.7,162.6261,21101307.0,0.011588899054589819
2024-09-30,163.32,165.85,166.15,163.26,20481303.0,0.006873681037081747
2024-10-01,167.685,166.99,169.16,164.58,28338123.0,-0.006766872267800483
2024-10-02,166.42,165.86,167.52,164.73,17760179.0,0.0
2024-10-03,164.41,165.86,166.64,163.923,15073101.0,0.007235017484625628
2024-10-04,168.06,167.06,168.23,165.48,19093724.0,-0.02442236322279423
2024-10-07,167.72,162.98,168.48,162.75,22463140.0,0.008590011044300017
2024-10-08,163.94,164.38,164.725,162.87,23072733.0,-0.015330332157196591
2024-10-09,163.45,161.86,164.84,159.74,31181774.0,0.0013591993080439568
2024-10-10,160.87,162.08,163.07,160.395,14144068.0,0.007156959526159801
2024-10-11,162.13,163.24,163.9,161.235,15344251.0,0.010536633178142685
2024-10-14,163.64,164.96,166.226,163.4,19016141.0,0.0030310378273521454
2024-10-15,165.785,165.46,167.68,164.625,20247195.0,-0.0018131270397679922
2024-10-16,164.53,165.16,165.8,163.74,16406030.0,-0.013502058609832779
2024-10-17,165.73,162.93,166.37,162.76,21453395.0,0.0030074265021786672
2024-10-18,163.19,163.42,164.71,163.08,19757661.0,0.003977481336433719
2024-10-21,162.95,164.07,164.5,162.62,20946455.0,0.006521606631315846
2024-10-22,162.98,165.14,165.77,162.98,16568121.0,-0.014290904686932171
2024-10-23,164.76,162.78,165.82,161.925,18280518.0,-0.00036859565057134613
2024-10-24,162.83,162.72,163.33,161.01,22412527.0,0.015671091445427887
2024-10-25,163.67,165.27,165.59,163.42,19828884.0,0.008773522115326449
2024-10-28,168.75,166.72,168.75,163.95,32138641.0,0.01775431861804222
2024-10-29,167.73,169.68,170.38,167.0896,42169025.0,0.02817067421027808
2024-10-30,180.68,174.46,182.02,174.0599,68890787.0,-0.019202109366043718
2024-10-31,173.13,171.11,176.82,171.0,44768981.0,0.0010519548828238356
2024-11-01,170.07,171.29,172.32,168.88,31796477.0,-0.011968007472706987
2024-11-04,169.93,169.24,170.73,168.011,21492744.0,0.0029543843063106756
2024-11-05,169.43,169.74,170.53,168.84,18242050.0,0.039884529280075354
2024-11-06,173.8,176.51,176.94,173.5,33695538.0,0.024021301909240345
2024-11-07,177.41,180.75,181.08,177.19,25352939.0,-0.01327800829875525
2024-11-08,180.645,178.35,180.9,178.08,22006182.0,0.011213905242500655
2024-11-11,178.58,180.35,180.545,178.47,17450354.0,0.007041863044080943
2024-11-12,179.82,181.62,182.49,179.39,25134905.0,-0.015086444224204465
2024-11-13,180.46,178.88,180.96,178.54,23184003.0,-0.018448121645796012
2024-11-14,178.28,175.58,178.82,174.3218,31007457.0,-0.017598815354823993
2024-11-15,173.73,172.49,174.14,171.22,32504649.0,0.016290799466635697
2024-11-18,173.42,175.3,175.438,172.9,20206613.0,0.01608670849971472
2024-11-19,173.72,178.12,178.87,173.56,23434925.0,-0.012014372333258527
2024-11-20,177.34,175.98,177.675,173.78,18997111.0,-0.04744857370155697
2024-11-21,173.9,167.63,174.13,163.7,59734379.0,-0.0171210403865657
2024-11-22,165.85,164.76,166.46,163.9,38604587.0,0.017540665210002526
2024-11-25,166.09,167.65,168.63,165.6072,33135263.0,0.008768267223381976
2024-11-26,167.63,169.12,169.82,167.58,20486720.0,0.0006504257332071717
2024-11-27,169.0,169.23,169.4832,168.02,19266511.0,0.0
2024-11-28,169.23,169.23,169.23,169.23,0.0,-0.0016545529752407528
2024-11-29,168.5,168.95,169.43,167.16,14257244.0,0.01503403373779233
2024-12-02,168.765,171.49,172.075,168.57,23789084.0,-0.0008746865706455997
2024-12-03,171.49,171.34,172.68,170.85,22248705.0,0.017684136804015482
2024-12-04,171.145,174.37,174.91,171.06,31615137.0,-0.009921431438894457
2024-12-05,175.36,172.64,176.06,172.33,21356243.0,0.01199026876737741
2024-12-06,172.03,174.71,175.08,171.86,21462393.0,0.0037776887413427662
2024-12-09,173.96,175.37,176.26,173.65,25389631.0,0.05588184980327293
2024-12-10,182.845,185.17,186.36,181.05,54813022.0,0.055246530215477874
2024-12-11,185.31,195.4,195.61,184.85,67894071.0,-0.017604912998976485
2024-12-12,195.0,191.96,195.18,191.71,34817486.0,-0.01114815586580542
2024-12-13,191.01,189.82,192.73,189.64,25143495.0,0.03603413760404606
2024-12-16,192.87,196.66,199.0,192.62,44934901.0,-0.0063052984846944105
2024-12-17,197.25,195.42,201.42,194.98,43504025.0,-0.03592262818544667
2024-12-18,195.22,188.4,197.0,187.74,34166074.0,0.0005838641188959937
2024-12-19,191.625,188.51,193.03,188.38,32265241.0,0.01538379926794331
2024-12-20,185.78,191.41,192.89,185.22,63462934.0,0.016822527558643774
2024-12-23,192.62,194.63,195.1,190.15,25675014.0,0.007604172018702338
2024-12-24,194.84,196.11,196.11,193.78,10403259.0,0.0
2024-12-25,196.11,196.11,196.11,196.11,0.0,-0.0026005813064097216
2024-12-26,195.15,195.6,196.748,194.375,12057210.0,-0.01451942740286305
2024-12-27,194.95,192.76,195.32,190.65,18891362.0,-0.007885453413571164
2024-12-30,189.8,191.24,192.55,189.12,14264659.0,-0.010144321271700507
2024-12-31,191.075,189.3,191.96,188.51,17466919.0,0.0
2025-01-01,189.3,189.3,189.3,189.3,0.0,0.0006867406233490581
2025-01-02,190.65,189.43,192.0,187.5,20370828.0,0.01245842791532481
2025-01-03,191.37,191.79,193.21,189.975,18596159.0,0.026487303821888686
2025-01-06,193.98,196.87,198.2222,193.85,29563638.0,-0.007009701833697313
2025-01-07,197.11,195.49,201.0,194.6,26487244.0,-0.007877640800041052
2025-01-08,192.57,193.95,196.29,192.38,24864766.0,0.0
2025-01-09,193.95,193.95,193.95,193.95,0.0,-0.009847898943026512
2025-01-10,194.295,192.04,196.52,190.31,26665206.0,-0.005363465944594914
2025-01-13,190.07,191.01,191.18,187.36,21823699.0,-0.007067692790953317
2025-01-14,191.24,189.66,191.98,188.3082,17174854.0,0.031055573130865932
2025-01-15,193.09,195.55,196.36,191.86,21775969.0,-0.01350038353362315
2025-01-16,194.14,192.91,195.48,192.81,17815432.0,0.01601783214970709
2025-01-17,196.53,196.0,197.23,193.75,27735089.0,0.0
2025-01-20,196.0,196.0,196.0,196.0,0.0,0.010459183673469541
2025-01-21,199.07,198.05,202.29,197.87,29971292.0,0.0016157535975762638
2025-01-22,199.06,198.37,200.48,197.53,26200617.0,-0.0019660230881686225
2025-01-23,198.14,197.98,200.3,195.2,26951357.0,0.011263764016567368
2025-01-24,198.1,200.21,200.9,198.0,23877521.0,-0.04195594625643073
2025-01-27,192.41,191.81,196.88,190.73,41728893.0,0.018195088890047506
2025-01-28,192.745,195.3,195.48,190.68,24157929.0,0.0005632360471068409
2025-01-29,195.555,195.41,196.785,193.43,18218256.0,0.027941251727137795
2025-01-30,198.0,200.87,201.4,197.67,24354684.0,0.01568178423856237
2025-01-31,202.0,204.02,205.48,201.8,32041952.0,-0.0136751298892267
2025-02-03,200.69,201.23,203.75,200.1,27838348.0,0.025592605476320696
2025-02-04,203.39,206.38,207.05,202.81,43856425.0,-0.07292373291985654
2025-02-05,191.07,191.33,192.75,188.03,70461770.0,0.0014111744107039303
2025-02-06,189.5,191.6,192.1,188.72,29297442.0,-0.03267223382045925
2025-02-07,191.05,185.34,191.18,183.24,49314961.0,0.0060969029891011495
2025-02-10,187.35,186.47,188.2,185.86,23105649.0,-0.006167211883949197
2025-02-11,185.03,185.32,186.94,184.28,21239519.0,-0.009227282538311954
2025-02-12,183.22,183.61,185.11,181.83,22072559.0,0.013779205925603
2025-02-13,184.32,186.14,186.28,183.14,21402523.0,-0.004888793381325862
2025-02-14,185.055,185.23,186.4,184.32,20448437.0,0.0
2025-02-17,185.23,185.23,185.23,185.23,0.0,-0.007882092533606722
2025-02-18,185.6,183.77,185.96,181.7401,29916675.0,0.008162376884148559
2025-02-19,184.07,185.27,185.46,183.59,19549396.0,-0.00383224483186706
2025-02-20,184.8,184.56,185.31,182.72,20441462.0,-0.026549631556133546
2025-02-21,185.15,179.66,185.34,179.08,35199239.0,-0.0022820883891795374
2025-02-24,181.99,179.25,183.12,178.885,29854206.0,-0.021366806136680738
2025-02-25,178.04,175.42,178.74,174.6939,41913411.0,-0.015334625470299845
2025-02-26,175.07,172.73,176.08,171.5807,35431268.0,-0.024489087014415545
2025-02-27,173.99,168.5,174.56,167.94,39991015.0,0.01056379821958453
2025-02-28,168.68,170.28,170.61,166.77,48130565.0,-0.019203664552501776
2025-03-03,171.925,167.01,173.37,165.93,40770451.0,0.023411771750194488
2025-03-04,166.24,170.92,173.2946,165.8,45387996.0,0.012286449801076627
2025-03-05,170.52,173.02,173.78,169.06,30954922.0,-0.0038723846954110686
2025-03-06,170.53,172.35,174.81,170.5,28301953.0,0.008761241659414054
2025-03-07,171.26,173.86,174.97,170.27,27385813.0,-0.045956516737605035
2025-03-10,168.26,165.87,168.46,163.69,43604027.0,-0.011032736480376282
2025-03-11,164.91,164.04,166.75,161.37,39587414.0,0.018714947573762686
2025-03-12,166.58,167.11,167.6399,163.53,28372396.0,-0.02603075818323275
2025-03-13,166.035,162.76,166.13,162.11,31756214.0,0.016773162939297315
2025-03-14,163.27,165.49,166.49,162.45,31995894.0,-0.007251193425584779
2025-03-17,165.03,164.29,166.3,163.67,31184335.0,-0.022034207803274697
2025-03-18,163.675,160.67,164.25,156.72,42074751.0,0.02004107798593391
2025-03-19,161.76,163.89,165.87,161.0,34275582.0,-0.006650802367441422
2025-03-20,161.57,162.8,164.89,160.96,28138464.0,0.007309582309582341
2025-03-21,161.205,163.99,164.24,160.8901,36625764.0,0.02250137203488012
2025-03-24,167.065,167.68,168.32,165.14,30879129.0,0.01717557251908386
2025-03-25,168.98,170.56,170.63,168.315,24174373.0,-0.03224671669793622
2025-03-26,169.0,165.06,169.61,164.84,28939326.0,-0.017084696474009453
2025-03-27,164.63,162.24,165.42,162.0,24508273.0,-0.048754930966469434
2025-03-28,160.49,154.33,161.82,153.63,48669335.0,0.002008682692930641
2025-03-31,153.11,154.64,155.54,150.662,54603464.0,0.015713916192447108
2025-04-01,153.62,157.07,158.1,153.62,30672899.0,-0.00019099764436236732
2025-04-02,155.15,157.04,158.4052,154.7,25041730.0,-0.04024452368823228
2025-04-03,151.11,150.72,152.7799,150.39,46883371.0,-0.03397027600849256
2025-04-04,148.01,145.6,151.07,145.38,62259539.0,0.007898351648351731
2025-04-07,141.55,146.75,152.85,140.53,76794136.0,-0.013969335604770095
2025-04-08,151.22,144.7,152.24,143.03,52200208.0,0.09682100898410528
2025-04-09,144.415,158.71,159.55,143.905,70406232.0,-0.03711171318757489
2025-04-10,156.54,152.82,157.72,149.93,48021972.0,0.028268551236749095
2025-04-11,152.9,157.14,157.67,152.82,33636239.0,0.012282041491663565
2025-04-14,159.995,159.07,161.72,157.56,30332957.0,-0.017350851826239966
2025-04-15,159.125,156.31,159.65,155.21,27551534.0,-0.019064679163201315
2025-04-16,153.1,153.33,155.89,151.51,28187421.0,-0.014152481575686493
2025-04-17,154.29,151.16,154.68,148.5,33046576.0,0.0
2025-04-18,151.16,151.16,151.16,151.16,0.0,-0.02308811854988102
2025-04-21,148.88,147.67,148.945,146.1,26049115.0,0.02573305342994514
2025-04-22,148.89,151.47,152.19,148.54,26971774.0,0.025615633458770715
2025-04-23,155.61,155.35,157.525,153.81,31128833.0,0.02529771483746379
2025-04-24,156.15,159.28,159.59,155.79,45893951.0,0.016825715720743428
2025-04-25,165.07,161.96,166.1,161.04,56033995.0,-0.008335391454680097
2025-04-28,162.425,160.61,163.15,158.6,29745782.0,-0.0028018180686135707
2025-04-29,160.325,160.16,160.74,157.52,26808958.0,-0.00849150849150837
2025-04-30,157.975,158.8,159.27,155.4,34981059.0,0.015743073047858935
2025-05-01,160.45,161.3,161.95,158.91,30203248.0,0.01692498450092983
2025-05-02,163.405,164.03,164.97,161.87,25715005.0,0.0010973602389807713
2025-05-05,163.0,164.21,165.39,162.72,21341814.0,-0.0059679678460509145
2025-05-06,162.17,163.23,164.8,161.19,21277210.0,-0.07259694909024073
2025-05-07,164.08,151.38,165.0,147.84,127747554.0,0.019157088122605304
2025-05-08,155.0,154.28,155.93,152.9,57498692.0,-0.009917033964220945
2025-05-09,154.17,152.75,155.05,152.2,32435281.0,0.037381342062193124
2025-05-12,157.485,158.46,159.1,156.25,44138818.0,0.0067524927426478865
2025-05-13,158.79,159.53,160.57,156.16,42382126.0,0.036607534632984384
2025-05-14,159.96,165.37,167.0,159.61,48755869.0,-0.008526334885408438
2025-05-15,165.84,163.96,166.205,162.3732,33146669.0,0.013600878262990834
2025-05-16,167.725,166.19,169.35,165.62,42846925.0,0.0021060232264276113
2025-05-19,164.51,166.54,166.64,164.22,30426097.0,-0.015371682478683812
2025-05-20,166.43,163.98,168.5,162.9,46607656.0,0.0279302353945603
2025-05-21,163.69,168.56,173.14,163.56,73415956.0,0.013704318936877069
2025-05-22,171.85,170.87,176.77,170.71,74864418.0,-0.014045765786855569
2025-05-23,169.055,168.47,169.96,167.89,35211439.0,0.0
2025-05-26,168.47,168.47,168.47,168.47,0.0,0.02629548287528949
2025-05-27,170.16,172.9,173.17,170.0,37995670.0,-0.003123192596876767
2025-05-28,173.16,172.36,175.265,171.9107,34783997.0,-0.0029009050823857185
2025-05-29,174.0,171.86,174.4193,170.63,29373803.0,-0.000698242755731382
2025-05-30,171.35,171.74,172.205,167.44,52639911.0,-0.015779666938395276
2025-06-02,167.84,169.03,169.87,167.39,38612272.0,-0.01686091226409514
2025-06-03,167.49,166.18,168.475,165.28,45084903.0,0.011252858346371353
2025-06-04,166.735,168.05,168.215,166.36,26900838.0,0.0009520975900030315
2025-06-05,170.34,168.21,170.93,167.59,36444564.0,0.03251887521550434
2025-06-06,170.83,173.68,174.5,170.83,35731832.0,0.013876093965914382
2025-06-09,174.54,176.09,176.47,174.37,28935906.0,0.014254074620932533
2025-06-10,176.2,178.6,181.105,174.91,61766121.0,-0.006998880179171385
2025-06-11,179.77,177.35,180.37,176.75,31646757.0,-0.009303636876233479
2025-06-12,176.18,175.7,176.72,174.745,20941873.0,-0.005862265224815033
2025-06-13,172.44,174.67,177.13,172.385,27663107.0,0.012022671323066447
2025-06-16,174.73,176.77,176.94,174.65,27389208.0,-0.004638796175821858
2025-06-17,175.7,175.95,177.3648,174.58,24973043.0,-0.014947428246660954
2025-06-18,176.01,173.32,176.56,173.2,28707524.0,0.0
2025-06-19,173.32,173.32,173.32,173.32,0.0,-0.03854142626355883
2025-06-20,173.945,166.64,174.34,165.46,75659917.0,-0.008701392222755566
2025-06-23,166.27,165.19,167.34,162.0,57670985.0,0.009564743628549088
2025-06-24,166.92,166.77,168.22,166.13,40524312.0,0.023445463812436174
2025-06-25,167.63,170.68,172.36,167.55,35478989.0,0.01675650339817203
2025-06-26,172.43,173.54,173.69,169.94,31796690.0,0.0287541777111906
2025-06-27,173.54,178.53,178.68,171.73,108140200.0,-0.012882988853414101
2025-06-30,180.78,176.23,181.23,174.58,63378856.0,-0.002213017079952251
2025-07-01,175.735,175.84,176.09,173.53,35904526.0,0.015923566878980777
2025-07-02,175.54,178.64,178.86,175.07,29128947.0,0.0049820868786387695
2025-07-03,178.5,179.53,179.67,177.05,21689729.0,0.0
2025-07-04,179.53,179.53,179.53,179.53,0.0,-0.01526207319111017
2025-07-07,179.06,176.79,179.297,175.68,34175648.0,-0.013745121330391852
2025-07-08,177.85,174.36,177.95,172.81,40442535.0,0.01296168846065604
2025-07-09,175.25,176.62,179.44,172.77,43025594.0,0.005661872947571034
2025-07-10,175.63,177.62,178.429,174.38,29252386.0,0.014469091318545235
2025-07-11,176.785,180.19,181.43,176.48,34282922.0,0.007603085631832984
2025-07-14,181.01,181.56,183.67,179.68,32536632.0,0.0024234412866270816
2025-07-15,182.81,182.0,184.22,181.6,33448251.0,0.005329670329670355
2025-07-16,183.235,182.97,184.327,182.03,33104193.0,0.003333879871017187
2025-07-17,182.14,183.58,184.06,180.48,31992565.0,0.00806188037912614
2025-07-18,185.4,185.06,186.42,183.71,34014509.0,0.027234410461471903
2025-07-21,186.25,190.1,190.285,186.15,45803129.0,0.006522882693319243
2025-07-22,191.495,191.34,191.645,187.46,44660215.0,-0.005801191596111699
2025-07-23,191.5,190.23,192.53,189.18,58681948.0,0.010198181149135177
2025-07-24,197.03,192.17,197.95,191.0,74881687.0,0.005255763126398527
2025-07-25,191.98,193.18,194.33,191.26,39785863.0,-0.003105911585050136
2025-07-28,193.65,192.58,194.05,190.84,38139504.0,0.016460691660608484
2025-07-29,192.43,195.75,195.92,192.08,41389153.0,0.003984674329502003
2025-07-30,195.6,196.53,197.5999,194.685,32445405.0,-0.023558744212079596
2025-07-31,195.71,191.9,195.99,191.09,51329163.0,-0.0144346013548724
2025-08-01,189.025,189.13,190.83,187.82,34832181.0,0.031248347697351075
2025-08-04,190.29,195.04,195.27,190.12,31547350.0,-0.0018970467596390872
2025-08-05,194.71,194.67,197.8599,193.885,31602340.0,0.007294395643910212
2025-08-06,194.5,196.09,196.63,193.67,21562908.0,0.002192870620633336
2025-08-07,197.06,196.52,197.54,194.33,26321811.0,0.024933848972114703
2025-08-08,197.22,201.42,202.61,197.17,39161826.0,-0.002085195114685634
2025-08-11,200.935,201.0,201.475,199.07,25832435.0,0.01164179104477614
2025-08-12,201.365,203.34,204.5,200.59,30424452.0,-0.006786662732369386
2025-08-13,204.13,201.96,204.53,197.5101,28342922.0,0.004852446028916546
2025-08-14,201.5,202.94,204.44,201.225,25230427.0,0.004730462205577934
2025-08-15,203.85,203.9,206.44,201.28,34931422.0,-0.0019617459538989745
2025-08-18,204.2,203.5,205.265,202.49,18526594.0,-0.009484029484029488
2025-08-19,203.03,201.57,203.44,199.96,24240233.0,-0.011162375353475196
2025-08-20,200.73,199.32,201.28,196.595,28955498.0,0.0021573349387919993
2025-08-21,199.745,199.75,202.48,199.43,19774633.0,0.031739674593241674
2025-08-22,202.73,206.09,208.54,201.3,42827040.0,0.011645397641806943
2025-08-25,206.43,208.49,210.52,205.28,29928878.0,-0.0064751307017124615
2025-08-26,207.51,207.14,207.85,205.7,28464130.0,0.001641401950371657
2025-08-27,205.7,207.48,208.91,205.65,23022850.0,0.020050125313283207
2025-08-28,207.25,211.64,212.22,206.9,32339307.0,0.006000756000756002
2025-08-29,210.51,212.91,214.645,210.2,39728364.0,0.0
2025-09-01,212.91,212.91,212.91,212.91,0.0,-0.007327039594194784
2025-09-02,208.44,211.35,211.675,206.195,47523037.0,0.09136503430328835
2025-09-03,226.21,230.66,231.31,224.79,103336125.0,0.0071100320818522356
2025-09-04,229.65,232.3,232.37,226.11,51684167.0,0.01162290142057687
2025-09-05,232.2,235.0,235.76,231.9,46588925.0,-0.004085106382978765
2025-09-08,235.47,234.04,238.13,233.67,32474743.0,0.023884806016065685
2025-09-09,234.165,239.63,240.47,233.229,38060959.0,-0.0019196260902224482
2025-09-10,238.9,239.17,241.66,237.85,35141074.0,0.005017351674541093
2025-09-11,239.88,240.37,242.25,236.25,30599328.0,0.0017889087656530744
2025-09-12,240.37,240.8,242.075,238.0,26771610.0,0.04489202657807301
2025-09-15,244.66,251.61,252.4099,244.66,58383796.0,-0.0017884821747944368
2025-09-16,252.08,251.16,253.04,249.47,34109720.0,-0.006489886924669563
2025-09-17,251.22,249.53,251.6,246.28,34107992.0,0.010018835410571914
2025-09-18,251.68,252.03,253.99,249.8,31239474.0,0.01067333253977698
2025-09-19,253.25,254.72,256.0,251.81,55571424.0,-0.008597675879396971
2025-09-22,254.43,252.53,255.78,250.3,32290538.0,-0.003445135231457619
2025-09-23,253.04,251.66,254.36,250.48,26628016.0,-0.017960740681872367
2025-09-24,251.66,247.14,252.3501,246.44,28201003.0,-0.005462490895848493
2025-09-25,244.4,245.79,246.49,240.74,31020383.0,0.0030513853289393378
2025-09-26,247.065,246.54,249.42,245.97,18503194.0,-0.01009978096860542
2025-09-29,247.85,244.05,251.1486,242.77,32505777.0,-0.003892644949805457
2025-09-30,242.81,243.1,243.29,239.245,34724346.0,0.007404360345536931
2025-10-01,240.75,244.9,246.3,238.61,31658234.0,0.003225806451612856
2025-10-02,245.15,245.69,246.81,242.3,25483298.0,-0.0013838577068664426
2025-10-03,244.49,245.35,246.3,241.655,30249559.0,0.020705115141634423
2025-10-06,244.78,250.43,251.32,244.58,28894653.0,-0.018647925568023083
2025-10-07,248.27,245.76,250.44,245.52,23181285.0,-0.004638671875
2025-10-08,244.96,244.62,246.005,243.82,21307104.0,-0.012631837135148372
2025-10-09,244.47,241.53,244.76,239.15,27892086.0,-0.020535751252432455
2025-10-10,241.43,236.57,244.09,235.84,33180323.0,0.03204125628777965
2025-10-13,240.21,244.15,244.5,239.71,24995028.0,0.00532459553553144
2025-10-14,241.23,245.45,247.12,240.51,22111572.0,0.022733754328783995
2025-10-15,247.245,251.03,252.11,245.99,27007690.0,0.0017129426761741673
2025-10-16,251.765,251.46,256.96,250.101,27997159.0,0.007317267159786756
2025-10-17,250.76,253.3,254.22,247.81,29671629.0,0.01283063560994857
2025-10-20,254.69,256.55,257.33,254.23,22350155.0,-0.02373806275579815
2025-10-21,254.74,250.46,254.88,244.15,47312098.0,0.0049109638265592
2025-10-22,254.37,251.69,256.36,249.29,35029370.0,0.005522666772617146
2025-10-23,252.98,253.08,255.04,251.85,19901425.0,0.027027027027026973
2025-10-24,256.58,259.92,261.68,255.315,28655126.0,0.03597260695598625
2025-10-27,264.815,269.27,270.14,264.28,35235231.0,-0.006684740223567243
2025-10-28,269.69,267.47,270.73,266.5,29738564.0,0.026545033087822745
2025-10-29,267.75,274.57,275.336,267.67,43580277.0,0.025166624175984253
2025-10-30,291.59,281.48,291.59,280.06,74875990.0,-0.0010302685803610379
2025-10-31,283.21,281.19,286.0,277.03,39267945.0,0.008997475016892631
2025-11-03,282.175,283.72,285.53,279.8,29785996.0,-0.021782038629634903
2025-11-04,276.75,277.54,281.27,276.26,30078369.0,0.024392880305541542
2025-11-05,278.87,284.31,286.415,277.34,31010302.0,0.0
2025-11-06,284.31,284.31,284.31,284.31,0.0,-0.019624705427174538
2025-11-07,285.05,278.7305,285.05,275.73,8311919.0,0.04079029743784779
2025-11-10,284.42,290.1,290.8,282.855,29557309.0,0.004170975525680687
2025-11-11,287.745,291.31,291.915,287.32,19842136.0,-0.015790738388658188
2025-11-12,291.675,286.71,292.005,283.69,24829923.0,-0.028391057165777167
2025-11-13,282.34,278.57,282.84,277.24,29494040.0,-0.00775388591736359
2025-11-14,271.405,276.41,278.56,270.7,31647227.0,0.03114937954487873
2025-11-17,285.775,285.02,293.95,283.57,52670192.0,-0.0025963090309452097
2025-11-18,287.915,284.28,288.8,278.2,49158743.0,0.03000562825383435
2025-11-19,287.16,292.81,303.81,286.63,68198944.0,-0.011475017929715614
2025-11-20,304.54,289.45,306.42,288.67,62025218.0,0.03527379512869255
2025-11-21,296.415,299.66,303.92,293.845,74137697.0,
