Date,open,close,high,low,volume,time,ret
2022-01-03 05:00:00+00:00,177.83,182.01,182.88,177.71,104677470,2022-01-03T05:00:00Z,-0.012691610351079574
2022-01-04 05:00:00+00:00,182.63,179.7,182.94,179.12,99110438,2022-01-04T05:00:00Z,-0.02659988870339458
2022-01-05 05:00:00+00:00,179.61,174.92,180.17,174.64,94535602,2022-01-05T05:00:00Z,-0.01669334552938484
2022-01-06 05:00:00+00:00,172.7,172.0,175.3,171.64,96882954,2022-01-06T05:00:00Z,0.000988372093023271
2022-01-07 05:00:00+00:00,172.89,172.17,174.14,171.03,86709147,2022-01-07T05:00:00Z,0.00011616425625837756
2022-01-10 05:00:00+00:00,169.08,172.19,172.5,168.17,106754551,2022-01-10T05:00:00Z,0.016783785353388758
2022-01-11 05:00:00+00:00,172.32,175.08,175.18,170.82,76138312,2022-01-11T05:00:00Z,0.0025702535983549435
2022-01-12 05:00:00+00:00,176.12,175.53,177.18,174.82,74805173,2022-01-12T05:00:00Z,-0.019028086367002817
2022-01-13 05:00:00+00:00,175.78,172.19,176.62,171.79,84405760,2022-01-13T05:00:00Z,0.005110633602415815
2022-01-14 05:00:00+00:00,171.34,173.07,173.78,171.09,80440778,2022-01-14T05:00:00Z,-0.01889408909689716
2022-01-18 05:00:00+00:00,171.51,169.8,172.54,169.41,91063979,2022-01-18T05:00:00Z,-0.02102473498233226
2022-01-19 05:00:00+00:00,170.0,166.23,171.08,165.94,94814990,2022-01-19T05:00:00Z,-0.01034710942669792
2022-01-20 05:00:00+00:00,166.98,164.51,169.68,164.18,91420515,2022-01-20T05:00:00Z,-0.012765181447936258
2022-01-21 05:00:00+00:00,164.41,162.41,166.33,162.3,122824858,2022-01-21T05:00:00Z,-0.004864232497998833
2022-01-24 05:00:00+00:00,160.02,161.62,162.3,154.7,162706686,2022-01-24T05:00:00Z,-0.011384729612671673
2022-01-25 05:00:00+00:00,158.98,159.78,162.76,157.02,115777137,2022-01-25T05:00:00Z,-0.0005632745024408692
2022-01-26 05:00:00+00:00,163.5,159.69,164.39,157.82,108275307,2022-01-26T05:00:00Z,-0.0029432024547560998
2022-01-27 05:00:00+00:00,162.45,159.22,163.84,158.28,121954638,2022-01-27T05:00:00Z,0.0697776661223466
2022-01-28 05:00:00+00:00,165.71,170.33,170.35,162.8,179435660,2022-01-28T05:00:00Z,0.026125755885633595
2022-01-31 05:00:00+00:00,170.16,174.78,175.0,169.51,115522090,2022-01-31T05:00:00Z,-0.000972651333104424
2022-02-01 05:00:00+00:00,174.01,174.61,174.84,172.31,85595911,2022-02-01T05:00:00Z,0.007044270087623872
2022-02-02 05:00:00+00:00,174.75,175.84,175.88,173.33,84914158,2022-02-02T05:00:00Z,-0.01671974522292996
2022-02-03 05:00:00+00:00,174.48,172.9,176.24,172.12,89418074,2022-02-03T05:00:00Z,-0.0029496818970504712
2022-02-04 05:00:00+00:00,171.68,172.39,174.1,170.68,82446700,2022-02-04T05:00:00Z,-0.004234584372643346
2022-02-07 05:00:00+00:00,172.86,171.66,173.95,170.95,77251204,2022-02-07T05:00:00Z,0.01846673657229414
2022-02-08 05:00:00+00:00,171.73,174.83,175.35,171.43,74829217,2022-02-08T05:00:00Z,0.008293771091917757
2022-02-09 05:00:00+00:00,176.05,176.28,176.65,174.9,71204538,2022-02-09T05:00:00Z,-0.02359882005899705
2022-02-10 05:00:00+00:00,174.14,172.12,175.48,171.55,90715899,2022-02-10T05:00:00Z,-0.020218452242621532
2022-02-11 05:00:00+00:00,172.33,168.64,173.08,168.04,98490687,2022-02-11T05:00:00Z,0.0014231499051233776
2022-02-14 05:00:00+00:00,167.37,168.88,169.58,166.56,86185530,2022-02-14T05:00:00Z,0.023152534343912734
2022-02-15 05:00:00+00:00,170.97,172.79,172.95,170.25,64286317,2022-02-15T05:00:00Z,-0.0013889692690548516
2022-02-16 05:00:00+00:00,171.85,172.55,173.34,170.05,61139697,2022-02-16T05:00:00Z,-0.02126919733410615
2022-02-17 05:00:00+00:00,171.03,168.88,171.91,168.47,69589344,2022-02-17T05:00:00Z,-0.009355755566082369
2022-02-18 05:00:00+00:00,169.82,167.3,170.54,166.19,82772674,2022-02-18T05:00:00Z,-0.01781231320980281
2022-02-22 05:00:00+00:00,164.98,164.32,166.69,162.15,91148358,2022-02-22T05:00:00Z,-0.025864167478091504
2022-02-23 05:00:00+00:00,165.54,160.07,166.15,159.75,90009247,2022-02-23T05:00:00Z,0.01668020241144519
2022-02-24 05:00:00+00:00,152.58,162.74,162.85,152.0,141147540,2022-02-24T05:00:00Z,0.012965466388103586
2022-02-25 05:00:00+00:00,163.84,164.85,165.12,160.87,91974222,2022-02-25T05:00:00Z,0.0016378525932667642
2022-02-28 05:00:00+00:00,163.06,165.12,165.42,162.43,95056629,2022-02-28T05:00:00Z,-0.011627906976744318
2022-03-01 05:00:00+00:00,164.69,163.2,166.6,161.97,83468865,2022-03-01T05:00:00Z,0.020588235294117796
2022-03-02 05:00:00+00:00,164.39,166.56,167.36,162.95,79724750,2022-03-02T05:00:00Z,-0.001981268011527426
2022-03-03 05:00:00+00:00,168.47,166.23,168.91,165.55,76678441,2022-03-03T05:00:00Z,-0.01840822956145105
2022-03-04 05:00:00+00:00,164.49,163.17,165.55,162.1,83819592,2022-03-04T05:00:00Z,-0.023717595146166448
2022-03-07 05:00:00+00:00,163.36,159.3,165.02,159.04,96418845,2022-03-07T05:00:00Z,-0.01167608286252364
2022-03-08 05:00:00+00:00,158.82,157.44,162.88,155.8,131139480,2022-03-08T05:00:00Z,0.03499745934959342
2022-03-09 05:00:00+00:00,161.47,162.95,163.41,159.41,91445405,2022-03-09T05:00:00Z,-0.027186253451979003
2022-03-10 05:00:00+00:00,160.2,158.52,160.39,155.98,105342033,2022-03-10T05:00:00Z,-0.023908655059298622
2022-03-11 05:00:00+00:00,158.93,154.73,159.28,154.5,96917302,2022-03-11T05:00:00Z,-0.026562399017643568
2022-03-14 04:00:00+00:00,151.45,150.62,154.12,150.1,108712111,2022-03-14T04:00:00Z,0.0296773336874252
2022-03-15 04:00:00+00:00,150.9,155.09,155.57,150.38,92964302,2022-03-15T04:00:00Z,0.02901541040686051
2022-03-16 04:00:00+00:00,157.05,159.59,160.0,154.46,102300157,2022-03-16T04:00:00Z,0.006454038473588497
2022-03-17 04:00:00+00:00,158.61,160.62,161.0,157.63,75615376,2022-03-17T04:00:00Z,0.020918939110945
2022-03-18 04:00:00+00:00,160.51,163.98,164.48,159.76,122610172,2022-03-18T04:00:00Z,0.00853762653982204
2022-03-21 04:00:00+00:00,163.51,165.38,166.35,163.01,95811352,2022-03-21T04:00:00Z,0.020800580481315833
2022-03-22 04:00:00+00:00,165.51,168.82,169.42,164.91,81532007,2022-03-22T04:00:00Z,0.008233621608814135
2022-03-23 04:00:00+00:00,167.99,170.21,172.64,167.65,98062674,2022-03-23T04:00:00Z,0.022677868515363242
2022-03-24 04:00:00+00:00,171.06,174.07,174.14,170.21,90131418,2022-03-24T04:00:00Z,0.0037341299477222645
2022-03-25 04:00:00+00:00,173.88,174.72,175.28,172.75,80529356,2022-03-25T04:00:00Z,0.005036630036630019
2022-03-28 04:00:00+00:00,172.17,175.6,175.73,172.0,90371916,2022-03-28T04:00:00Z,0.01913439635535319
2022-03-29 04:00:00+00:00,176.69,178.96,179.01,176.34,99459940,2022-03-29T04:00:00Z,-0.006649530621367861
2022-03-30 04:00:00+00:00,178.55,177.77,179.61,176.7,91340654,2022-03-30T04:00:00Z,-0.01777577769027394
2022-03-31 04:00:00+00:00,177.84,174.61,178.03,174.4,103049285,2022-03-31T04:00:00Z,-0.001718114655518077
2022-04-01 04:00:00+00:00,174.03,174.31,174.88,171.94,78251328,2022-04-01T04:00:00Z,0.023693419769376334
2022-04-04 04:00:00+00:00,174.57,178.44,178.49,174.44,76545983,2022-04-04T04:00:00Z,-0.0189419412687738
2022-04-05 04:00:00+00:00,177.5,175.06,178.3,174.41,73401786,2022-04-05T04:00:00Z,-0.01845081686278982
2022-04-06 04:00:00+00:00,172.36,171.83,173.63,170.13,89058782,2022-04-06T04:00:00Z,0.0018041087120990174
2022-04-07 04:00:00+00:00,171.16,172.14,173.36,169.85,77594650,2022-04-07T04:00:00Z,-0.011908911351225626
2022-04-08 04:00:00+00:00,171.78,170.09,171.78,169.2,76534208,2022-04-08T04:00:00Z,-0.02551590334528786
2022-04-11 04:00:00+00:00,168.71,165.75,169.03,165.5,72246706,2022-04-11T04:00:00Z,0.011523378582201982
2022-04-12 04:00:00+00:00,168.02,167.66,169.87,166.64,79265181,2022-04-12T04:00:00Z,0.016342598115233198
2022-04-13 04:00:00+00:00,167.39,170.4,171.04,166.77,70618925,2022-04-13T04:00:00Z,-0.029988262910798147
2022-04-14 04:00:00+00:00,170.62,165.29,171.27,165.04,75069376,2022-04-14T04:00:00Z,-0.0013309940105269424
2022-04-18 04:00:00+00:00,163.92,165.07,166.6,163.57,69023941,2022-04-18T04:00:00Z,0.014115223844429758
2022-04-19 04:00:00+00:00,165.02,167.4,167.82,163.91,67723833,2022-04-19T04:00:00Z,-0.0010155316606930143
2022-04-20 04:00:00+00:00,168.76,167.23,168.88,166.1,67929814,2022-04-20T04:00:00Z,-0.004843628535549871
2022-04-21 04:00:00+00:00,168.91,166.42,171.53,165.91,87227768,2022-04-21T04:00:00Z,-0.027821175339502457
2022-04-22 04:00:00+00:00,166.46,161.79,167.87,161.5,84875424,2022-04-22T04:00:00Z,0.006737128376290258
2022-04-25 04:00:00+00:00,161.12,162.88,163.17,158.46,96017376,2022-04-25T04:00:00Z,-0.037328094302553905
2022-04-26 04:00:00+00:00,162.25,156.8,162.34,156.72,95595226,2022-04-26T04:00:00Z,-0.0014668367346939437
2022-04-27 04:00:00+00:00,155.91,156.57,159.79,155.38,88063191,2022-04-27T04:00:00Z,0.04515552149198432
2022-04-28 04:00:00+00:00,159.25,163.64,164.51,158.93,130149192,2022-04-28T04:00:00Z,-0.036604742116841726
2022-04-29 04:00:00+00:00,161.84,157.65,166.2,157.25,131747495,2022-04-29T04:00:00Z,0.001966381224230984
2022-05-02 04:00:00+00:00,156.71,157.96,158.23,153.27,123050000,2022-05-02T04:00:00Z,0.009622689288427244
2022-05-03 04:00:00+00:00,158.15,159.48,160.71,156.32,88966526,2022-05-03T04:00:00Z,0.04100827689992492
2022-05-04 04:00:00+00:00,159.67,166.02,166.48,159.26,108206503,2022-05-04T04:00:00Z,-0.05571617877364177
2022-05-05 04:00:00+00:00,163.85,156.77,164.08,154.95,130419230,2022-05-05T04:00:00Z,0.00325317343879572
2022-05-06 04:00:00+00:00,156.01,157.28,159.44,154.18,115494647,2022-05-06T04:00:00Z,-0.033189216683621514
2022-05-09 04:00:00+00:00,154.93,152.06,155.83,151.49,131577921,2022-05-09T04:00:00Z,0.016112061028541236
2022-05-10 04:00:00+00:00,155.52,154.51,156.74,152.93,115366736,2022-05-10T04:00:00Z,-0.05184130476991777
2022-05-11 04:00:00+00:00,153.5,146.5,155.45,145.81,142547625,2022-05-11T04:00:00Z,-0.02689419795221837
2022-05-12 04:00:00+00:00,142.77,142.56,146.2,138.8,182408091,2022-05-12T04:00:00Z,0.03191638608305292
2022-05-13 04:00:00+00:00,144.59,147.11,148.1,143.11,113990852,2022-05-13T04:00:00Z,-0.010672286044456691
2022-05-16 04:00:00+00:00,145.55,145.54,147.52,144.18,86643781,2022-05-16T04:00:00Z,0.025422564243507084
2022-05-17 04:00:00+00:00,148.86,149.24,149.77,146.68,78138254,2022-05-17T04:00:00Z,-0.05641919056553213
2022-05-18 04:00:00+00:00,146.85,140.82,147.36,139.9,109742890,2022-05-18T04:00:00Z,-0.024641386166737722
2022-05-19 04:00:00+00:00,139.88,137.35,141.66,136.6,135863540,2022-05-19T04:00:00Z,0.00174736075718962
2022-05-20 04:00:00+00:00,139.09,137.59,140.7,132.61,137392625,2022-05-20T04:00:00Z,0.040119194708917894
2022-05-23 04:00:00+00:00,137.79,143.11,143.26,137.65,117726265,2022-05-23T04:00:00Z,-0.01921598770176791
2022-05-24 04:00:00+00:00,140.81,140.36,141.97,137.33,104132746,2022-05-24T04:00:00Z,0.0011399259048161525
2022-05-25 04:00:00+00:00,138.43,140.52,141.78,138.34,92482696,2022-05-25T04:00:00Z,0.023199544548818674
2022-05-26 04:00:00+00:00,137.39,143.78,144.34,137.14,90601098,2022-05-26T04:00:00Z,0.04075671164278738
2022-05-27 04:00:00+00:00,145.39,149.64,149.68,145.26,91425110,2022-05-27T04:00:00Z,-0.00534616412723854
2022-05-31 04:00:00+00:00,149.07,148.84,150.66,146.84,103718416,2022-05-31T04:00:00Z,-0.000873421123353868
2022-06-01 04:00:00+00:00,149.9,148.71,151.74,147.68,74286635,2022-06-01T04:00:00Z,0.01681124335955886
2022-06-02 04:00:00+00:00,147.83,151.21,151.27,146.86,72348055,2022-06-02T04:00:00Z,-0.038555651081277786
2022-06-03 04:00:00+00:00,146.9,145.38,147.97,144.46,88570289,2022-06-03T04:00:00Z,0.005227679185582534
2022-06-06 04:00:00+00:00,147.03,146.14,148.57,144.9,71598380,2022-06-06T04:00:00Z,0.0175858765567265
2022-06-07 04:00:00+00:00,144.34,148.71,149.0,144.1,67808150,2022-06-07T04:00:00Z,-0.005043373007867613
2022-06-08 04:00:00+00:00,148.58,147.96,149.87,147.46,53950201,2022-06-08T04:00:00Z,-0.03595566369289016
2022-06-09 04:00:00+00:00,147.08,142.64,147.95,142.53,69472976,2022-06-09T04:00:00Z,-0.038628715647784584
2022-06-10 04:00:00+00:00,140.28,137.13,140.76,137.06,91566637,2022-06-10T04:00:00Z,-0.038284839203675314
2022-06-13 04:00:00+00:00,132.87,131.88,135.2,131.44,122128099,2022-06-13T04:00:00Z,0.0066727327873823405
2022-06-14 04:00:00+00:00,133.13,132.76,133.89,131.48,84784326,2022-06-14T04:00:00Z,0.02011147936125357
2022-06-15 04:00:00+00:00,134.29,135.43,137.34,132.16,91532972,2022-06-15T04:00:00Z,-0.03965148046961531
2022-06-16 04:00:00+00:00,132.08,130.06,132.39,129.04,107961508,2022-06-16T04:00:00Z,0.011533138551437894
2022-06-17 04:00:00+00:00,130.06,131.56,133.08,129.81,134520290,2022-06-17T04:00:00Z,0.03276071754332621
2022-06-21 04:00:00+00:00,133.42,135.87,137.06,133.32,81000488,2022-06-21T04:00:00Z,-0.0038271877529992837
2022-06-22 04:00:00+00:00,134.79,135.35,137.76,133.91,73409234,2022-06-22T04:00:00Z,0.021573697820465476
2022-06-23 04:00:00+00:00,136.82,138.27,138.59,135.63,72433768,2022-06-23T04:00:00Z,0.024517248860924212
2022-06-24 04:00:00+00:00,139.9,141.66,141.91,139.77,88401837,2022-06-24T04:00:00Z,0.0
2022-06-27 04:00:00+00:00,142.69,141.66,143.49,140.97,70207908,2022-06-27T04:00:00Z,-0.029789637159395754
2022-06-28 04:00:00+00:00,142.13,137.44,143.42,137.32,67315328,2022-06-28T04:00:00Z,0.013023864959254894
2022-06-29 04:00:00+00:00,137.46,139.23,140.67,136.67,66242411,2022-06-29T04:00:00Z,-0.018027723910076787
2022-06-30 04:00:00+00:00,137.25,136.72,138.37,133.77,98964467,2022-06-30T04:00:00Z,0.01616442363955528
2022-07-01 04:00:00+00:00,136.04,138.93,139.04,135.66,71051552,2022-07-01T04:00:00Z,0.018930396602605537
2022-07-05 04:00:00+00:00,137.77,141.56,141.61,136.93,73429641,2022-07-05T04:00:00Z,0.009607233681830918
2022-07-06 04:00:00+00:00,141.35,142.92,144.12,141.08,74064254,2022-07-06T04:00:00Z,0.023999440246291748
2022-07-07 04:00:00+00:00,143.29,146.35,146.55,143.28,66253709,2022-07-07T04:00:00Z,0.004714724974376416
2022-07-08 04:00:00+00:00,145.26,147.04,147.55,145.0,64543598,2022-07-08T04:00:00Z,-0.014757889009793135
2022-07-11 04:00:00+00:00,145.67,144.87,146.64,143.78,63305113,2022-07-11T04:00:00Z,0.006833712984054774
2022-07-12 04:00:00+00:00,145.76,145.86,148.45,145.05,77588759,2022-07-12T04:00:00Z,-0.002536679007267284
2022-07-13 04:00:00+00:00,142.99,145.49,146.45,142.12,71185560,2022-07-13T04:00:00Z,0.020482507388823956
2022-07-14 04:00:00+00:00,144.08,148.47,148.95,143.25,78140744,2022-07-14T04:00:00Z,0.011450124604297063
2022-07-15 04:00:00+00:00,149.78,150.17,150.86,148.2,76259931,2022-07-15T04:00:00Z,-0.020643270959579074
2022-07-18 04:00:00+00:00,150.74,147.07,151.57,146.7,81380868,2022-07-18T04:00:00Z,0.02672196913034619
2022-07-19 04:00:00+00:00,147.92,151.0,151.23,146.91,82969067,2022-07-19T04:00:00Z,0.013509933774834337
2022-07-20 04:00:00+00:00,151.12,153.04,153.72,150.37,64823413,2022-07-20T04:00:00Z,0.015094093047569368
2022-07-21 04:00:00+00:00,154.5,155.35,155.57,151.94,65064436,2022-07-21T04:00:00Z,-0.00811071773414862
2022-07-22 04:00:00+00:00,155.39,154.09,156.28,153.41,66675373,2022-07-22T04:00:00Z,-0.007398273736128336
2022-07-25 04:00:00+00:00,154.01,152.95,155.04,152.28,53580745,2022-07-25T04:00:00Z,-0.008826413860738791
2022-07-26 04:00:00+00:00,152.26,151.6,153.09,150.8,55099091,2022-07-26T04:00:00Z,0.03423482849604231
2022-07-27 04:00:00+00:00,152.58,156.79,157.33,152.16,78620688,2022-07-27T04:00:00Z,0.0035716563556349445
2022-07-28 04:00:00+00:00,156.98,157.35,157.64,154.41,81378731,2022-07-28T04:00:00Z,0.032793136320305116
2022-07-29 04:00:00+00:00,161.24,162.51,163.63,159.5,101763760,2022-07-29T04:00:00Z,-0.006153467478924424
2022-08-01 04:00:00+00:00,161.01,161.51,163.59,160.89,67778379,2022-08-01T04:00:00Z,-0.009287350628444102
2022-08-02 04:00:00+00:00,160.1,160.01,162.41,159.63,59907025,2022-08-02T04:00:00Z,0.03824760952440465
2022-08-03 04:00:00+00:00,160.84,166.13,166.59,160.75,82507488,2022-08-03T04:00:00Z,-0.0019262023716366539
2022-08-04 04:00:00+00:00,166.0,165.81,167.19,164.43,55474144,2022-08-04T04:00:00Z,-0.0027742596948314713
2022-08-05 04:00:00+00:00,163.21,165.35,165.85,163.0,56696985,2022-08-05T04:00:00Z,-0.002902933172059252
2022-08-08 04:00:00+00:00,166.37,164.87,167.81,164.2,60362338,2022-08-08T04:00:00Z,0.0003032692424334016
2022-08-09 04:00:00+00:00,164.02,164.92,165.82,163.25,63075503,2022-08-09T04:00:00Z,0.026194518554450763
2022-08-10 04:00:00+00:00,167.68,169.24,169.34,166.9,70170540,2022-08-10T04:00:00Z,-0.004431576459465902
2022-08-11 04:00:00+00:00,170.06,168.49,170.99,168.19,57142109,2022-08-11T04:00:00Z,0.021425603893405976
2022-08-12 04:00:00+00:00,169.82,172.1,172.17,169.4,68039382,2022-08-12T04:00:00Z,0.006333527019174889
2022-08-15 04:00:00+00:00,171.52,173.19,173.39,171.34,54091694,2022-08-15T04:00:00Z,-0.0009238408684103527
2022-08-16 04:00:00+00:00,172.78,173.03,173.71,171.66,56377050,2022-08-16T04:00:00Z,0.008784603825926274
2022-08-17 04:00:00+00:00,172.77,174.55,176.15,172.57,79542037,2022-08-17T04:00:00Z,-0.0022916069894013402
2022-08-18 04:00:00+00:00,173.75,174.15,174.9,173.12,62290075,2022-08-18T04:00:00Z,-0.01510192362905538
2022-08-19 04:00:00+00:00,173.03,171.52,173.74,171.31,70336995,2022-08-19T04:00:00Z,-0.023029384328358327
2022-08-22 04:00:00+00:00,169.69,167.57,169.86,167.13,68975809,2022-08-22T04:00:00Z,-0.002029002804798008
2022-08-23 04:00:00+00:00,167.08,167.23,168.71,166.65,54147079,2022-08-23T04:00:00Z,0.0017939364946482073
2022-08-24 04:00:00+00:00,167.32,167.53,168.11,166.25,53841524,2022-08-24T04:00:00Z,0.014922700411866607
2022-08-25 04:00:00+00:00,168.78,170.03,170.14,168.35,51218209,2022-08-25T04:00:00Z,-0.037699229547726865
2022-08-26 04:00:00+00:00,170.57,163.62,171.05,163.56,78960980,2022-08-26T04:00:00Z,-0.01369025791468037
2022-08-29 04:00:00+00:00,161.15,161.38,162.9,159.82,73313953,2022-08-29T04:00:00Z,-0.015305490147477951
2022-08-30 04:00:00+00:00,162.13,158.91,162.56,157.72,77906197,2022-08-30T04:00:00Z,-0.010634950600969084
2022-08-31 04:00:00+00:00,160.31,157.22,160.58,157.14,87991091,2022-08-31T04:00:00Z,0.004706780307848879
2022-09-01 04:00:00+00:00,156.64,157.96,158.42,154.67,74229896,2022-09-01T04:00:00Z,-0.01361104076981523
2022-09-02 04:00:00+00:00,159.75,155.81,160.36,154.97,76807768,2022-09-02T04:00:00Z,-0.008215133816828146
2022-09-06 04:00:00+00:00,156.47,154.53,157.09,153.69,73714843,2022-09-06T04:00:00Z,0.009253866563126989
2022-09-07 04:00:00+00:00,154.82,155.96,156.67,153.61,87293824,2022-09-07T04:00:00Z,-0.009617850730956667
2022-09-08 04:00:00+00:00,154.64,154.46,156.36,152.68,84909447,2022-09-08T04:00:00Z,0.01883982908196291
2022-09-09 04:00:00+00:00,155.47,157.37,157.82,154.75,68081006,2022-09-09T04:00:00Z,0.038507974836372805
2022-09-12 04:00:00+00:00,159.59,163.43,164.26,159.3,104955962,2022-09-12T04:00:00Z,-0.058679556996879434
2022-09-13 04:00:00+00:00,159.9,153.84,160.54,153.37,122651554,2022-09-13T04:00:00Z,0.00955538221528851
2022-09-14 04:00:00+00:00,154.78,155.31,157.1,153.61,87935409,2022-09-14T04:00:00Z,-0.018929882171141554
2022-09-15 04:00:00+00:00,154.65,152.37,155.24,151.38,90481110,2022-09-15T04:00:00Z,-0.010960162761698644
2022-09-16 04:00:00+00:00,151.21,150.7,151.35,148.37,160940131,2022-09-16T04:00:00Z,0.02508294625082952
2022-09-19 04:00:00+00:00,149.31,154.48,154.56,149.1,81474246,2022-09-19T04:00:00Z,0.015665458311755698
2022-09-20 04:00:00+00:00,153.4,156.9,158.08,153.08,107639796,2022-09-20T04:00:00Z,-0.020267686424474185
2022-09-21 04:00:00+00:00,157.34,153.72,158.74,153.6,101696790,2022-09-21T04:00:00Z,-0.006375227686703067
2022-09-22 04:00:00+00:00,152.38,152.74,154.47,150.91,86652542,2022-09-22T04:00:00Z,-0.015123739688359339
2022-09-23 04:00:00+00:00,151.19,150.43,151.47,148.56,96029909,2022-09-23T04:00:00Z,0.002260187462607144
2022-09-26 04:00:00+00:00,149.66,150.77,153.77,149.64,93339409,2022-09-26T04:00:00Z,0.006566293029117043
2022-09-27 04:00:00+00:00,152.74,151.76,154.72,149.94,84282741,2022-09-27T04:00:00Z,-0.01265155508697935
2022-09-28 04:00:00+00:00,147.64,149.84,150.64,144.84,146661387,2022-09-28T04:00:00Z,-0.04911906033101987
2022-09-29 04:00:00+00:00,146.1,142.48,146.72,140.68,128138237,2022-09-29T04:00:00Z,-0.030039303761931535
2022-09-30 04:00:00+00:00,141.28,138.2,143.1,138.0,124910274,2022-09-30T04:00:00Z,0.030752532561505008
2022-10-03 04:00:00+00:00,138.21,142.45,143.07,137.69,114311663,2022-10-03T04:00:00Z,0.025623025623025653
2022-10-04 04:00:00+00:00,145.03,146.1,146.22,144.26,87780064,2022-10-04T04:00:00Z,0.002053388090349051
2022-10-05 04:00:00+00:00,144.07,146.4,147.38,143.01,79269968,2022-10-05T04:00:00Z,-0.006625683060109244
2022-10-06 04:00:00+00:00,145.81,145.43,147.54,145.22,68308669,2022-10-06T04:00:00Z,-0.03671869627999724
2022-10-07 04:00:00+00:00,142.54,140.09,143.1,139.44,85925559,2022-10-07T04:00:00Z,0.0023556285245198705
2022-10-10 04:00:00+00:00,140.42,140.42,141.89,138.57,74899002,2022-10-10T04:00:00Z,-0.010254949437402017
2022-10-11 04:00:00+00:00,139.9,138.98,141.35,138.22,77001872,2022-10-11T04:00:00Z,-0.004604979133688181
2022-10-12 04:00:00+00:00,139.13,138.34,140.36,138.16,69933744,2022-10-12T04:00:00Z,0.03361283793552117
2022-10-13 04:00:00+00:00,134.99,142.99,143.59,134.37,113223975,2022-10-13T04:00:00Z,-0.03224001678439059
2022-10-14 04:00:00+00:00,144.31,138.38,144.52,138.19,88597969,2022-10-14T04:00:00Z,0.029122705593293885
2022-10-17 04:00:00+00:00,141.06,142.41,142.9,140.27,85250639,2022-10-17T04:00:00Z,0.009409451583456185
2022-10-18 04:00:00+00:00,145.49,143.75,146.7,140.61,99130632,2022-10-18T04:00:00Z,0.000765217391304418
2022-10-19 04:00:00+00:00,141.69,143.86,144.95,141.5,61757790,2022-10-19T04:00:00Z,-0.0032670652022801505
2022-10-20 04:00:00+00:00,143.02,143.39,145.89,142.65,64521989,2022-10-20T04:00:00Z,0.027059069670130498
2022-10-21 04:00:00+00:00,142.87,147.27,147.85,142.65,86548459,2022-10-21T04:00:00Z,0.014802743260677431
2022-10-24 04:00:00+00:00,147.19,149.45,150.23,146.0,75981918,2022-10-24T04:00:00Z,0.019337571094011574
2022-10-25 04:00:00+00:00,150.09,152.34,152.49,149.36,74682290,2022-10-25T04:00:00Z,-0.019627149796507926
2022-10-26 04:00:00+00:00,150.96,149.35,151.99,148.04,87883672,2022-10-26T04:00:00Z,-0.030465349849347012
2022-10-27 04:00:00+00:00,148.07,144.8,149.05,144.13,109161970,2022-10-27T04:00:00Z,0.07555248618784538
2022-10-28 04:00:00+00:00,148.2,155.74,157.5,147.82,164762371,2022-10-28T04:00:00Z,-0.015410299216643164
2022-10-31 04:00:00+00:00,153.16,153.34,154.24,151.92,97932271,2022-10-31T04:00:00Z,-0.017542715534107245
2022-11-01 04:00:00+00:00,155.08,150.65,155.45,149.13,80379345,2022-11-01T04:00:00Z,-0.037305011616329264
2022-11-02 04:00:00+00:00,148.94,145.03,152.17,145.0,93604623,2022-11-02T04:00:00Z,-0.04240501965110666
2022-11-03 04:00:00+00:00,142.06,138.88,142.8,138.75,97917166,2022-11-03T04:00:00Z,-0.0036002304147465525
2022-11-04 04:00:00+00:00,142.09,138.38,142.67,134.38,140494796,2022-11-04T04:00:00Z,0.0039022980199450163
2022-11-07 05:00:00+00:00,137.11,138.92,139.15,135.67,83364228,2022-11-07T05:00:00Z,0.004175064785488125
2022-11-08 05:00:00+00:00,140.41,139.5,141.43,137.49,89908477,2022-11-08T05:00:00Z,-0.03318996415770603
2022-11-09 05:00:00+00:00,138.5,134.87,138.55,134.59,74903262,2022-11-09T05:00:00Z,0.08897456810261728
2022-11-10 05:00:00+00:00,141.24,146.87,146.87,139.5,118854028,2022-11-10T05:00:00Z,0.019268741063525496
2022-11-11 05:00:00+00:00,145.82,149.7,150.01,144.37,93966273,2022-11-11T05:00:00Z,-0.009485637942551639
2022-11-14 05:00:00+00:00,148.97,148.28,150.28,147.43,73374114,2022-11-14T05:00:00Z,0.011869436201780381
2022-11-15 05:00:00+00:00,152.22,150.04,153.59,148.56,89868332,2022-11-15T05:00:00Z,-0.008331111703545724
2022-11-16 05:00:00+00:00,149.13,148.79,149.87,147.29,64218266,2022-11-16T05:00:00Z,0.012971301834800775
2022-11-17 05:00:00+00:00,146.43,150.72,151.48,146.15,80389400,2022-11-17T05:00:00Z,0.003781847133757843
2022-11-18 05:00:00+00:00,152.31,151.29,152.7,149.97,74829573,2022-11-18T05:00:00Z,-0.02168021680216803
2022-11-21 05:00:00+00:00,150.16,148.01,150.37,147.72,58724070,2022-11-21T05:00:00Z,0.01466117154246338
2022-11-22 05:00:00+00:00,148.13,150.18,150.42,146.93,51804132,2022-11-22T05:00:00Z,0.005926221867092796
2022-11-23 05:00:00+00:00,149.45,151.07,151.83,149.34,58283895,2022-11-23T05:00:00Z,-0.019593565896604104
2022-11-25 05:00:00+00:00,148.31,148.11,148.88,147.12,35195860,2022-11-25T05:00:00Z,-0.02626426304773488
2022-11-28 05:00:00+00:00,145.14,144.22,146.64,143.38,69346522,2022-11-28T05:00:00Z,-0.021148245735681637
2022-11-29 05:00:00+00:00,144.29,141.17,144.81,140.35,83736803,2022-11-29T05:00:00Z,0.04859389388680335
2022-11-30 05:00:00+00:00,141.4,148.03,148.72,140.55,111314880,2022-11-30T05:00:00Z,0.0018915084780111169
2022-12-01 05:00:00+00:00,148.21,148.31,149.13,146.61,71250416,2022-12-01T05:00:00Z,-0.003371316836356275
2022-12-02 05:00:00+00:00,145.96,147.81,148.0,145.65,65438446,2022-12-02T05:00:00Z,-0.007983221703538379
2022-12-05 05:00:00+00:00,147.77,146.63,150.92,145.77,68826442,2022-12-05T05:00:00Z,-0.025369978858350906
2022-12-06 05:00:00+00:00,147.07,142.91,147.3,141.92,64727186,2022-12-06T05:00:00Z,-0.013784899587152788
2022-12-07 05:00:00+00:00,142.19,140.94,143.37,140.0,69721094,2022-12-07T05:00:00Z,0.012132822477650018
2022-12-08 05:00:00+00:00,142.36,142.65,143.52,141.1,62128338,2022-12-08T05:00:00Z,-0.003434980722047065
2022-12-09 05:00:00+00:00,142.34,142.16,145.57,140.9,76084511,2022-12-09T05:00:00Z,0.01638998311761397
2022-12-12 05:00:00+00:00,142.7,144.49,144.5,141.06,70462654,2022-12-12T05:00:00Z,0.006782476295937423
2022-12-13 05:00:00+00:00,149.5,145.47,149.97,144.24,93486161,2022-12-13T05:00:00Z,-0.015535849316010153
2022-12-14 05:00:00+00:00,145.35,143.21,146.66,141.16,82211182,2022-12-14T05:00:00Z,-0.04685426995321562
2022-12-15 05:00:00+00:00,141.11,136.5,141.8,136.03,98463907,2022-12-15T05:00:00Z,-0.014578754578754682
2022-12-16 05:00:00+00:00,136.69,134.51,137.65,133.73,160063600,2022-12-16T05:00:00Z,-0.015909597799420028
2022-12-19 05:00:00+00:00,135.11,132.37,135.2,131.32,79592614,2022-12-19T05:00:00Z,-0.0005288207297725611
2022-12-20 05:00:00+00:00,131.39,132.3,133.25,129.89,77430718,2022-12-20T05:00:00Z,0.023809523809523725
2022-12-21 05:00:00+00:00,132.98,135.45,136.81,132.75,85927993,2022-12-21T05:00:00Z,-0.023772609819121437
2022-12-22 05:00:00+00:00,134.35,132.23,134.56,130.3,77696108,2022-12-22T05:00:00Z,-0.002798154730393798
2022-12-23 05:00:00+00:00,130.92,131.86,132.41,129.64,63802893,2022-12-23T05:00:00Z,-0.013878355831943079
2022-12-27 05:00:00+00:00,131.38,130.03,131.41,128.72,69007830,2022-12-27T05:00:00Z,-0.030685226486195427
2022-12-28 05:00:00+00:00,129.67,126.04,131.03,125.87,85438391,2022-12-28T05:00:00Z,0.02832434147889562
2022-12-29 05:00:00+00:00,127.99,129.61,130.48,127.73,75501810,2022-12-29T05:00:00Z,0.0024689452974306914
2022-12-30 05:00:00+00:00,128.41,129.93,129.95,127.43,76204209,2022-12-30T05:00:00Z,-0.03740475640729635
2023-01-03 05:00:00+00:00,130.28,125.07,130.9,124.17,112117471,2023-01-03T05:00:00Z,0.010314224034540631
2023-01-04 05:00:00+00:00,126.89,126.36,128.66,125.08,89100633,2023-01-04T05:00:00Z,-0.010604621715732843
2023-01-05 05:00:00+00:00,127.13,125.02,127.77,124.76,80716808,2023-01-05T05:00:00Z,0.03679411294192936
2023-01-06 05:00:00+00:00,126.01,129.62,130.29,124.89,87754715,2023-01-06T05:00:00Z,0.004088875173584361
2023-01-09 05:00:00+00:00,130.47,130.15,133.41,129.89,70790813,2023-01-09T05:00:00Z,0.004456396465616574
2023-01-10 05:00:00+00:00,130.26,130.73,131.26,128.12,63896155,2023-01-10T05:00:00Z,0.0211122160177466
2023-01-11 05:00:00+00:00,131.25,133.49,133.51,130.46,69458949,2023-01-11T05:00:00Z,-0.0005992958274029236
2023-01-12 05:00:00+00:00,133.88,133.41,134.26,131.44,71379648,2023-01-12T05:00:00Z,0.01011918147065427
2023-01-13 05:00:00+00:00,132.03,134.76,134.92,131.66,57809719,2023-01-13T05:00:00Z,0.008756307509646843
2023-01-17 05:00:00+00:00,134.83,135.94,137.29,134.13,63612627,2023-01-17T05:00:00Z,-0.005370016183610327
2023-01-18 05:00:00+00:00,136.81,135.21,138.61,135.03,69672800,2023-01-18T05:00:00Z,0.0004437541601953754
2023-01-19 05:00:00+00:00,134.08,135.27,136.25,133.77,58280413,2023-01-19T05:00:00Z,0.019220817624011177
2023-01-20 05:00:00+00:00,135.28,137.87,138.02,134.22,80200655,2023-01-20T05:00:00Z,0.023500398926525
2023-01-23 05:00:00+00:00,138.12,141.11,143.31,137.9,81760313,2023-01-23T05:00:00Z,0.010063071362766518
2023-01-24 05:00:00+00:00,140.31,142.53,143.16,140.3,66435142,2023-01-24T05:00:00Z,-0.00470076475128034
2023-01-25 05:00:00+00:00,140.89,141.86,142.43,138.81,65799349,2023-01-25T05:00:00Z,0.014803327224023555
2023-01-26 05:00:00+00:00,143.17,143.96,144.25,141.9,54105068,2023-01-26T05:00:00Z,0.01368435676576829
2023-01-27 05:00:00+00:00,143.16,145.93,147.23,143.08,70547743,2023-01-27T05:00:00Z,-0.020078119646405823
2023-01-30 05:00:00+00:00,144.96,143.0,145.55,142.85,64015274,2023-01-30T05:00:00Z,0.00902097902097898
2023-01-31 05:00:00+00:00,142.7,144.29,144.34,142.28,65874459,2023-01-31T05:00:00Z,0.00790075542310631
2023-02-01 05:00:00+00:00,143.97,145.43,146.61,141.32,77663426,2023-02-01T05:00:00Z,0.03706250429760005
2023-02-02 05:00:00+00:00,148.9,150.82,151.18,148.17,118338980,2023-02-02T05:00:00Z,0.024399946956637164
2023-02-03 05:00:00+00:00,148.03,154.5,157.38,147.83,154338835,2023-02-03T05:00:00Z,-0.017928802588996873
2023-02-06 05:00:00+00:00,152.57,151.73,153.1,150.78,69771906,2023-02-06T05:00:00Z,0.019244710999802406
2023-02-07 05:00:00+00:00,150.64,154.65,155.23,150.64,83322551,2023-02-07T05:00:00Z,-0.017652764306498647
2023-02-08 05:00:00+00:00,153.88,151.92,154.58,151.17,63620079,2023-02-08T05:00:00Z,-0.006911532385465935
2023-02-09 05:00:00+00:00,153.78,150.87,154.33,150.42,55994243,2023-02-09T05:00:00Z,0.0009279512162787551
2023-02-10 05:00:00+00:00,149.46,151.01,151.34,149.22,57388108,2023-02-10T05:00:00Z,0.018806701542944282
2023-02-13 05:00:00+00:00,150.95,153.85,154.26,150.92,62199013,2023-02-13T05:00:00Z,-0.00422489437764062
2023-02-14 05:00:00+00:00,152.12,153.2,153.77,150.86,61664023,2023-02-14T05:00:00Z,0.013903394255874835
2023-02-15 05:00:00+00:00,153.11,155.33,155.5,152.88,65665252,2023-02-15T05:00:00Z,-0.010429408356402492
2023-02-16 05:00:00+00:00,153.51,153.71,156.33,153.35,68167942,2023-02-16T05:00:00Z,-0.0075466788107474425
2023-02-17 05:00:00+00:00,152.35,152.55,153.0,150.85,59105618,2023-02-17T05:00:00Z,-0.02667977712225511
2023-02-21 05:00:00+00:00,150.2,148.48,151.3,148.41,58217230,2023-02-21T05:00:00Z,0.002896012931034475
2023-02-22 05:00:00+00:00,148.87,148.91,149.95,147.16,51008155,2023-02-22T05:00:00Z,0.003290578201598393
2023-02-23 05:00:00+00:00,150.09,149.4,150.34,147.24,48392049,2023-02-23T05:00:00Z,-0.01800535475234266
2023-02-24 05:00:00+00:00,147.11,146.71,147.19,145.72,55469606,2023-02-24T05:00:00Z,0.008247563219957676
2023-02-27 05:00:00+00:00,147.71,147.92,149.17,147.45,44998470,2023-02-27T05:00:00Z,-0.0034478096268252267
2023-02-28 05:00:00+00:00,147.05,147.41,149.08,146.83,50546998,2023-02-28T05:00:00Z,-0.014245980598331154
2023-03-01 05:00:00+00:00,146.83,145.31,147.23,145.01,55478991,2023-03-01T05:00:00Z,0.004129103296400816
2023-03-02 05:00:00+00:00,144.38,145.91,146.71,143.9,52279761,2023-03-02T05:00:00Z,0.0350901240490713
2023-03-03 05:00:00+00:00,148.04,151.03,151.11,147.33,70725339,2023-03-03T05:00:00Z,0.01853936304045556
2023-03-06 05:00:00+00:00,153.78,153.83,156.3,153.46,87558028,2023-03-06T05:00:00Z,-0.014496522134824219
2023-03-07 05:00:00+00:00,153.7,151.6,154.03,151.13,56136378,2023-03-07T05:00:00Z,0.008377308707124165
2023-03-08 05:00:00+00:00,152.81,152.87,153.47,151.83,47204791,2023-03-08T05:00:00Z,-0.014914633348596884
2023-03-09 05:00:00+00:00,153.56,150.59,154.53,150.22,53833122,2023-03-09T05:00:00Z,-0.01387874360847341
2023-03-10 05:00:00+00:00,150.21,148.5,150.94,147.61,68559600,2023-03-10T05:00:00Z,0.013265993265993314
2023-03-13 04:00:00+00:00,147.81,150.47,153.14,147.7,84457122,2023-03-13T04:00:00Z,0.014089187213398136
2023-03-14 04:00:00+00:00,151.28,152.59,153.4,150.1,72045893,2023-03-14T04:00:00Z,0.0026214037617144914
2023-03-15 04:00:00+00:00,151.19,152.99,153.25,149.92,77167866,2023-03-15T04:00:00Z,0.01869403228969202
2023-03-16 04:00:00+00:00,152.16,155.85,156.46,151.64,76206919,2023-03-16T04:00:00Z,-0.005453962143086244
2023-03-17 04:00:00+00:00,156.08,155.0,156.74,154.28,98944633,2023-03-17T04:00:00Z,0.015483870967742064
2023-03-20 04:00:00+00:00,155.07,157.4,157.82,154.15,72711415,2023-03-20T04:00:00Z,0.011944091486658204
2023-03-21 04:00:00+00:00,157.32,159.28,159.4,156.54,73938285,2023-03-21T04:00:00Z,-0.009103465595178273
2023-03-22 04:00:00+00:00,159.3,157.83,162.14,157.81,75349311,2023-03-22T04:00:00Z,0.006969524171577035
2023-03-23 04:00:00+00:00,158.83,158.93,161.55,157.68,67482060,2023-03-23T04:00:00Z,0.008305543320958897
2023-03-24 04:00:00+00:00,158.86,160.25,160.34,157.85,59006343,2023-03-24T04:00:00Z,-0.012293291731669265
2023-03-27 04:00:00+00:00,159.94,158.28,160.77,157.87,52390266,2023-03-27T04:00:00Z,-0.003980288097043205
2023-03-28 04:00:00+00:00,157.97,157.65,158.49,155.98,45992152,2023-03-28T04:00:00Z,0.019790675547098013
2023-03-29 04:00:00+00:00,159.37,160.77,161.05,159.35,51305691,2023-03-29T04:00:00Z,0.009889904832991236
2023-03-30 04:00:00+00:00,161.53,162.36,162.47,161.27,49210289,2023-03-30T04:00:00Z,0.015644247351564333
2023-03-31 04:00:00+00:00,162.44,164.9,165.0,161.91,68749792,2023-03-31T04:00:00Z,0.00770163735597329
2023-04-03 04:00:00+00:00,164.27,166.17,166.29,164.22,56976187,2023-04-03T04:00:00Z,-0.00324968405849424
2023-04-04 04:00:00+00:00,166.59,165.63,166.84,165.11,46278295,2023-04-04T04:00:00Z,-0.011290225200748738
2023-04-05 04:00:00+00:00,164.74,163.76,165.05,161.8,51511744,2023-04-05T04:00:00Z,0.005495847581827196
2023-04-06 04:00:00+00:00,162.43,164.66,164.96,162.0,45390123,2023-04-06T04:00:00Z,-0.015972306571116257
2023-04-10 04:00:00+00:00,161.42,162.03,162.03,160.08,47670382,2023-04-10T04:00:00Z,-0.007591186817256013
2023-04-11 04:00:00+00:00,162.35,160.8,162.36,160.51,47494217,2023-04-11T04:00:00Z,-0.0043532338308458485
2023-04-12 04:00:00+00:00,161.22,160.1,162.06,159.78,50133062,2023-04-12T04:00:00Z,0.034103685196752
2023-04-13 04:00:00+00:00,161.63,165.56,165.8,161.42,68418649,2023-04-13T04:00:00Z,-0.0021140372070548308
2023-04-14 04:00:00+00:00,164.59,165.21,166.32,163.82,49314480,2023-04-14T04:00:00Z,0.00012105804733364423
2023-04-17 04:00:00+00:00,165.09,165.23,165.39,164.03,41516217,2023-04-17T04:00:00Z,0.007504690431519689
2023-04-18 04:00:00+00:00,166.1,166.47,167.41,165.65,49915508,2023-04-18T04:00:00Z,0.006968222502552912
2023-04-19 04:00:00+00:00,165.8,167.63,168.16,165.54,47621166,2023-04-19T04:00:00Z,-0.005846208912485773
2023-04-20 04:00:00+00:00,166.09,166.65,167.87,165.56,52456377,2023-04-20T04:00:00Z,-0.009780978097809756
2023-04-21 04:00:00+00:00,165.05,165.02,166.45,164.49,57736141,2023-04-21T04:00:00Z,0.0018785601745243685
2023-04-24 04:00:00+00:00,165.0,165.33,165.6,163.89,41449581,2023-04-24T04:00:00Z,-0.009435674106332836
2023-04-25 04:00:00+00:00,165.19,163.77,166.31,163.73,48652863,2023-04-25T04:00:00Z,-6.106124442828431e-05
2023-04-26 04:00:00+00:00,163.06,163.76,165.28,162.8,45487296,2023-04-26T04:00:00Z,0.028395212506106438
2023-04-27 04:00:00+00:00,165.19,168.41,168.56,165.19,64898729,2023-04-27T04:00:00Z,0.007541119885992487
2023-04-28 04:00:00+00:00,168.49,169.68,169.85,167.88,55275851,2023-04-28T04:00:00Z,-0.0005304101838755626
2023-05-01 04:00:00+00:00,169.28,169.59,170.45,168.64,52424936,2023-05-01T04:00:00Z,-0.0061914027949762085
2023-05-02 04:00:00+00:00,170.09,168.54,170.35,167.54,48425696,2023-05-02T04:00:00Z,-0.006467307464103511
2023-05-03 04:00:00+00:00,169.5,167.45,170.92,167.16,65126998,2023-05-03T04:00:00Z,-0.009913406987160367
2023-05-04 04:00:00+00:00,164.89,165.79,167.04,164.31,81225673,2023-05-04T04:00:00Z,0.04692683515290419
2023-05-05 04:00:00+00:00,170.97,173.57,174.3,170.76,113402971,2023-05-05T04:00:00Z,-0.0004032955003744343
2023-05-08 04:00:00+00:00,172.48,173.5,173.85,172.11,55962634,2023-05-08T04:00:00Z,-0.009971181556195918
2023-05-09 04:00:00+00:00,173.05,171.77,173.54,171.6,45326874,2023-05-09T04:00:00Z,0.010420911684228873
2023-05-10 04:00:00+00:00,173.02,173.56,174.03,171.9,53724501,2023-05-10T04:00:00Z,0.0010947222862409678
2023-05-11 04:00:00+00:00,173.85,173.75,174.59,172.17,49473076,2023-05-11T04:00:00Z,-0.0067913669064748605
2023-05-12 04:00:00+00:00,173.62,172.57,174.06,171.0,45533138,2023-05-12T04:00:00Z,-0.0028973749782696956
2023-05-15 04:00:00+00:00,173.16,172.07,173.21,171.47,37264259,2023-05-15T04:00:00Z,0.0
2023-05-16 04:00:00+00:00,171.99,172.07,173.14,171.8,42110293,2023-05-16T04:00:00Z,0.003603184750392341
2023-05-17 04:00:00+00:00,171.71,172.69,172.93,170.42,57934404,2023-05-17T04:00:00Z,0.013666106896751407
2023-05-18 04:00:00+00:00,173.0,175.05,175.24,172.58,65496657,2023-05-18T04:00:00Z,0.0006283918880318762
2023-05-19 04:00:00+00:00,176.39,175.16,176.39,174.94,55525641,2023-05-19T04:00:00Z,-0.005480703356930849
2023-05-22 04:00:00+00:00,173.98,174.2,174.71,173.45,43570932,2023-05-22T04:00:00Z,-0.015154994259471755
2023-05-23 04:00:00+00:00,173.13,171.56,173.38,171.28,50745163,2023-05-23T04:00:00Z,0.0016320820704127659
2023-05-24 04:00:00+00:00,171.09,171.84,172.42,170.52,43711588,2023-05-24T04:00:00Z,0.006692271880819334
2023-05-25 04:00:00+00:00,172.41,172.99,173.9,171.69,55889523,2023-05-25T04:00:00Z,0.014104861552690862
2023-05-26 04:00:00+00:00,173.32,175.43,175.77,173.11,54834975,2023-05-26T04:00:00Z,0.010659522316593506
2023-05-30 04:00:00+00:00,176.96,177.3,178.99,176.57,55963954,2023-05-30T04:00:00Z,-0.0002820078962211259
2023-05-31 04:00:00+00:00,177.32,177.25,179.35,176.76,99625288,2023-05-31T04:00:00Z,0.01602256699576876
2023-06-01 04:00:00+00:00,177.7,180.09,180.12,176.93,68901712,2023-06-01T04:00:00Z,0.004775390082736308
2023-06-02 04:00:00+00:00,181.03,180.95,181.78,179.26,61996852,2023-06-02T04:00:00Z,-0.0075711522520032215
2023-06-05 04:00:00+00:00,182.63,179.58,184.95,178.03,121722517,2023-06-05T04:00:00Z,-0.0020603630693841746
2023-06-06 04:00:00+00:00,179.97,179.21,180.12,177.43,64845314,2023-06-06T04:00:00Z,-0.007756263601361613
2023-06-07 04:00:00+00:00,178.44,177.82,181.21,177.32,61944615,2023-06-07T04:00:00Z,0.01546507704420197
2023-06-08 04:00:00+00:00,177.9,180.57,180.84,177.46,50210681,2023-06-08T04:00:00Z,0.002159827213823018
2023-06-09 04:00:00+00:00,181.5,180.96,182.23,180.63,48869360,2023-06-09T04:00:00Z,0.015638815207780654
2023-06-12 04:00:00+00:00,181.27,183.79,183.89,180.97,54754995,2023-06-12T04:00:00Z,-0.0026116763697697776
2023-06-13 04:00:00+00:00,182.8,183.31,184.15,182.44,54867129,2023-06-13T04:00:00Z,0.003491353444983858
2023-06-14 04:00:00+00:00,183.37,183.95,184.39,182.02,57462782,2023-06-14T04:00:00Z,0.011198695297635286
2023-06-15 04:00:00+00:00,183.96,186.01,186.52,183.78,65433166,2023-06-15T04:00:00Z,-0.005859900005376062
2023-06-16 04:00:00+00:00,186.73,184.92,186.99,184.27,101151225,2023-06-16T04:00:00Z,0.0004866969500325613
2023-06-20 04:00:00+00:00,184.41,185.01,186.1,184.41,49799092,2023-06-20T04:00:00Z,-0.00567536889897835
2023-06-21 04:00:00+00:00,184.9,183.96,185.41,182.59,49515697,2023-06-21T04:00:00Z,0.016525331593824744
2023-06-22 04:00:00+00:00,183.74,187.0,187.04,183.67,51245327,2023-06-22T04:00:00Z,-0.0017112299465240621
2023-06-23 04:00:00+00:00,185.55,186.68,187.56,185.01,53112346,2023-06-23T04:00:00Z,-0.007553031926290976
2023-06-26 04:00:00+00:00,186.83,185.27,188.05,185.23,48088661,2023-06-26T04:00:00Z,0.015059102930857549
2023-06-27 04:00:00+00:00,185.89,188.06,188.39,185.67,50731499,2023-06-27T04:00:00Z,0.006327767733701917
2023-06-28 04:00:00+00:00,187.93,189.25,189.9,187.6,51216801,2023-06-28T04:00:00Z,0.001796565389696081
2023-06-29 04:00:00+00:00,189.08,189.59,190.07,188.94,46347308,2023-06-29T04:00:00Z,0.02310248430824413
2023-06-30 04:00:00+00:00,191.63,193.97,194.48,191.26,85068452,2023-06-30T04:00:00Z,-0.007784708975614785
2023-07-03 04:00:00+00:00,193.78,192.46,193.88,191.76,31458198,2023-07-03T04:00:00Z,-0.005871349890886446
2023-07-05 04:00:00+00:00,191.56,191.33,192.98,190.62,46896861,2023-07-05T04:00:00Z,0.0025087545079180984
2023-07-06 04:00:00+00:00,189.84,191.81,192.02,189.2,45155523,2023-07-06T04:00:00Z,-0.005891246546061213
2023-07-07 04:00:00+00:00,191.41,190.68,192.67,190.24,46757498,2023-07-07T04:00:00Z,-0.010855884203901822
2023-07-10 04:00:00+00:00,189.26,188.61,189.99,187.03,59912163,2023-07-10T04:00:00Z,-0.002810031281480274
2023-07-11 04:00:00+00:00,189.16,188.08,189.3,186.6,46638119,2023-07-11T04:00:00Z,0.008985538068906784
2023-07-12 04:00:00+00:00,189.68,189.77,191.7,188.47,60750218,2023-07-12T04:00:00Z,0.004057543341940084
2023-07-13 04:00:00+00:00,190.5,190.54,191.19,189.78,41337338,2023-07-13T04:00:00Z,0.000787236275847647
2023-07-14 04:00:00+00:00,190.23,190.69,191.18,189.63,41616242,2023-07-14T04:00:00Z,0.017305574492632037
2023-07-17 04:00:00+00:00,191.9,193.99,194.32,191.81,50520159,2023-07-17T04:00:00Z,-0.0013402752719213762
2023-07-18 04:00:00+00:00,193.35,193.73,194.33,192.41,48153774,2023-07-18T04:00:00Z,0.007071697723636028
2023-07-19 04:00:00+00:00,193.1,195.1,198.23,192.65,80492323,2023-07-19T04:00:00Z,-0.010097385955920024
2023-07-20 04:00:00+00:00,195.09,193.13,196.47,192.5,59581196,2023-07-20T04:00:00Z,-0.00616165277274372
2023-07-21 04:00:00+00:00,194.1,191.94,194.97,191.23,71451683,2023-07-21T04:00:00Z,0.004220068771491059
2023-07-24 04:00:00+00:00,193.41,192.75,194.91,192.25,45507451,2023-07-24T04:00:00Z,0.004513618677042919
2023-07-25 04:00:00+00:00,193.33,193.62,194.44,192.91,37283201,2023-07-25T04:00:00Z,0.004544985022208348
2023-07-26 04:00:00+00:00,193.67,194.5,195.64,193.32,47471868,2023-07-26T04:00:00Z,-0.006580976863753252
2023-07-27 04:00:00+00:00,196.02,193.22,197.2,192.55,47439680,2023-07-27T04:00:00Z,0.013507918434944699
2023-07-28 04:00:00+00:00,194.67,195.83,196.63,194.14,47691443,2023-07-28T04:00:00Z,0.0031660113363629616
2023-07-31 04:00:00+00:00,196.06,196.45,196.49,195.26,38824113,2023-07-31T04:00:00Z,-0.004326800712649459
2023-08-01 04:00:00+00:00,196.24,195.6,196.73,195.28,35281426,2023-08-01T04:00:00Z,-0.01543967280163594
2023-08-02 04:00:00+00:00,195.04,192.58,195.18,191.85,50388811,2023-08-02T04:00:00Z,-0.007321632568283443
2023-08-03 04:00:00+00:00,191.57,191.17,192.37,190.69,62243282,2023-08-03T04:00:00Z,-0.048020086833708064
2023-08-04 04:00:00+00:00,185.52,181.99,187.38,181.92,115956841,2023-08-04T04:00:00Z,-0.01725369525798126
2023-08-07 04:00:00+00:00,182.13,178.85,183.13,177.35,97105069,2023-08-07T04:00:00Z,0.005311713726586564
2023-08-08 04:00:00+00:00,179.69,179.8,180.27,177.58,67769003,2023-08-08T04:00:00Z,-0.008954393770856606
2023-08-09 04:00:00+00:00,180.87,178.19,180.93,177.01,60303492,2023-08-09T04:00:00Z,-0.0012346371850272542
2023-08-10 04:00:00+00:00,179.48,177.97,180.75,177.6,54686851,2023-08-10T04:00:00Z,-0.0010114064168118553
2023-08-11 04:00:00+00:00,177.32,177.79,178.62,176.55,51036672,2023-08-11T04:00:00Z,0.00939310422408468
2023-08-14 04:00:00+00:00,177.97,179.46,179.69,177.31,43675627,2023-08-14T04:00:00Z,-0.011200267469073988
2023-08-15 04:00:00+00:00,178.88,177.45,179.48,177.05,43574863,2023-08-15T04:00:00Z,-0.004959143420681822
2023-08-16 04:00:00+00:00,177.13,176.57,178.54,176.5,45712957,2023-08-16T04:00:00Z,-0.014555133941213105
2023-08-17 04:00:00+00:00,177.14,174.0,177.51,173.48,66054482,2023-08-17T04:00:00Z,0.0028160919540229923
2023-08-18 04:00:00+00:00,172.3,174.49,175.1,171.96,60171878,2023-08-18T04:00:00Z,0.007736833056335657
2023-08-21 04:00:00+00:00,175.07,175.84,176.13,173.74,46161959,2023-08-21T04:00:00Z,0.00790491355777978
2023-08-22 04:00:00+00:00,177.06,177.23,177.68,176.25,42057245,2023-08-22T04:00:00Z,0.021948879986458447
2023-08-23 04:00:00+00:00,178.52,181.12,181.55,178.32,52722752,2023-08-23T04:00:00Z,-0.026170494699646718
2023-08-24 04:00:00+00:00,180.67,176.38,181.1,176.01,54912798,2023-08-24T04:00:00Z,0.012643156820501211
2023-08-25 04:00:00+00:00,177.38,178.61,179.15,175.82,51439994,2023-08-25T04:00:00Z,0.008846089244723077
2023-08-28 04:00:00+00:00,180.09,180.19,180.59,178.54,43803238,2023-08-28T04:00:00Z,0.02181031133803213
2023-08-29 04:00:00+00:00,179.69,184.12,184.9,179.5,52953948,2023-08-29T04:00:00Z,0.01917227894851181
2023-08-30 04:00:00+00:00,184.94,187.65,187.85,184.74,60803988,2023-08-30T04:00:00Z,0.0011723954169997608
2023-08-31 04:00:00+00:00,187.84,187.87,189.12,187.48,60794467,2023-08-31T04:00:00Z,0.00846329908979615
2023-09-01 04:00:00+00:00,189.49,189.46,189.92,188.28,45393903,2023-09-01T04:00:00Z,0.0012667581547554096
2023-09-05 04:00:00+00:00,188.28,189.7,189.98,187.61,45280027,2023-09-05T04:00:00Z,-0.035793357933579295
2023-09-06 04:00:00+00:00,188.4,182.91,188.85,181.47,81753366,2023-09-06T04:00:00Z,-0.02924935760756653
2023-09-07 04:00:00+00:00,175.18,177.56,178.21,173.54,112416703,2023-09-07T04:00:00Z,0.00349177742734863
2023-09-08 04:00:00+00:00,178.35,178.18,180.24,177.79,65402066,2023-09-08T04:00:00Z,0.0066225165562914245
2023-09-11 04:00:00+00:00,180.07,179.36,180.3,177.34,58953052,2023-09-11T04:00:00Z,-0.017060660124888494
2023-09-12 04:00:00+00:00,179.49,176.3,180.13,174.82,90316192,2023-09-12T04:00:00Z,-0.011854792966534355
2023-09-13 04:00:00+00:00,176.51,174.21,177.3,173.98,84267928,2023-09-13T04:00:00Z,0.008782503874634084
2023-09-14 04:00:00+00:00,174.0,175.74,176.1,173.58,60345757,2023-09-14T04:00:00Z,-0.004153863662228363
2023-09-15 04:00:00+00:00,176.48,175.01,176.5,173.82,109259461,2023-09-15T04:00:00Z,0.016913319238900604
2023-09-18 04:00:00+00:00,176.48,177.97,179.38,176.17,67257573,2023-09-18T04:00:00Z,0.006180816991627758
2023-09-19 04:00:00+00:00,177.52,179.07,179.63,177.13,51826941,2023-09-19T04:00:00Z,-0.019992181828335176
2023-09-20 04:00:00+00:00,179.26,175.49,179.69,175.4,58436181,2023-09-20T04:00:00Z,-0.008889395407145728
2023-09-21 04:00:00+00:00,174.55,173.93,176.3,173.86,62449116,2023-09-21T04:00:00Z,0.004944517909503787
2023-09-22 04:00:00+00:00,174.67,174.79,177.08,174.05,56688985,2023-09-22T04:00:00Z,0.007380284913324653
2023-09-25 04:00:00+00:00,174.2,176.08,176.97,174.15,46172740,2023-09-25T04:00:00Z,-0.023398455247614747
2023-09-26 04:00:00+00:00,174.82,171.96,175.2,171.66,64548945,2023-09-26T04:00:00Z,-0.008897418004186974
2023-09-27 04:00:00+00:00,172.62,170.43,173.04,169.05,66920708,2023-09-27T04:00:00Z,0.0015255530129671957
2023-09-28 04:00:00+00:00,169.34,170.69,172.03,167.62,56294419,2023-09-28T04:00:00Z,0.0030464584920031346
2023-09-29 04:00:00+00:00,172.02,171.21,173.07,170.34,51861083,2023-09-29T04:00:00Z,0.014835582033759565
2023-10-02 04:00:00+00:00,171.22,173.75,174.3,170.93,52156935,2023-10-02T04:00:00Z,-0.007769784172661831
2023-10-03 04:00:00+00:00,172.25,172.4,173.63,170.82,49594613,2023-10-03T04:00:00Z,0.007308584686774866
2023-10-04 04:00:00+00:00,171.09,173.66,174.21,170.97,53006286,2023-10-04T04:00:00Z,0.007197973050788953
2023-10-05 04:00:00+00:00,173.79,174.91,175.45,172.68,48527918,2023-10-05T04:00:00Z,0.014750443085015164
2023-10-06 04:00:00+00:00,173.8,177.49,177.99,173.18,57266675,2023-10-06T04:00:00Z,0.008451180348188592
2023-10-09 04:00:00+00:00,176.81,178.99,179.05,175.8,42344772,2023-10-09T04:00:00Z,-0.003352142577797812
2023-10-10 04:00:00+00:00,178.1,178.39,179.72,177.95,43698019,2023-10-10T04:00:00Z,0.007904030494983116
2023-10-11 04:00:00+00:00,178.2,179.8,179.85,177.6,47544848,2023-10-11T04:00:00Z,0.0050611790878754
2023-10-12 04:00:00+00:00,180.07,180.71,182.34,179.04,56743119,2023-10-12T04:00:00Z,-0.010292734215040733
2023-10-13 04:00:00+00:00,181.42,178.85,181.93,178.14,51412082,2023-10-13T04:00:00Z,-0.0007268660889012679
2023-10-16 04:00:00+00:00,176.75,178.72,179.07,176.51,52516984,2023-10-16T04:00:00Z,-0.008784691136973999
2023-10-17 04:00:00+00:00,176.65,177.15,178.42,174.8,57549350,2023-10-17T04:00:00Z,-0.007394863110358418
2023-10-18 04:00:00+00:00,175.58,175.84,177.57,175.11,54764375,2023-10-18T04:00:00Z,-0.002161055505004561
2023-10-19 04:00:00+00:00,176.04,175.46,177.84,175.19,59192863,2023-10-19T04:00:00Z,-0.014704206086857519
2023-10-20 04:00:00+00:00,175.31,172.88,175.42,172.64,64211828,2023-10-20T04:00:00Z,0.0006941230911614582
2023-10-23 04:00:00+00:00,170.91,173.0,174.01,169.93,55980109,2023-10-23T04:00:00Z,0.0025433526011560126
2023-10-24 04:00:00+00:00,173.05,173.44,173.67,171.45,43816644,2023-10-24T04:00:00Z,-0.013491697416974202
2023-10-25 04:00:00+00:00,171.88,171.1,173.06,170.65,57156962,2023-10-25T04:00:00Z,-0.02460549386323796
2023-10-26 04:00:00+00:00,170.37,166.89,171.38,165.67,70625258,2023-10-26T04:00:00Z,0.007969321109713157
2023-10-27 04:00:00+00:00,166.91,168.22,168.96,166.83,58257129,2023-10-27T04:00:00Z,0.0123053144691474
2023-10-30 04:00:00+00:00,169.02,170.29,171.17,168.87,51239218,2023-10-30T04:00:00Z,0.0028187210053438605
2023-10-31 04:00:00+00:00,169.35,170.77,170.9,167.9,44846017,2023-10-31T04:00:00Z,0.018738654330385796
2023-11-01 04:00:00+00:00,171.0,173.97,174.23,170.12,56934906,2023-11-01T04:00:00Z,0.0206932229694774
2023-11-02 04:00:00+00:00,175.52,177.57,177.78,175.46,77292052,2023-11-02T04:00:00Z,-0.005181055358450148
2023-11-03 04:00:00+00:00,174.24,176.65,176.82,173.35,79829246,2023-11-03T04:00:00Z,0.014605151429380125
2023-11-06 05:00:00+00:00,176.38,179.23,179.43,176.21,63841310,2023-11-06T05:00:00Z,0.01445070579702068
2023-11-07 05:00:00+00:00,179.18,181.82,182.44,178.97,70529966,2023-11-07T05:00:00Z,0.005884941150588352
2023-11-08 05:00:00+00:00,182.35,182.89,183.45,181.59,49340282,2023-11-08T05:00:00Z,-0.002624528405052118
2023-11-09 05:00:00+00:00,182.96,182.41,184.12,181.81,53631840,2023-11-09T05:00:00Z,0.021873800778466235
2023-11-10 05:00:00+00:00,183.97,186.4,186.56,183.53,66177922,2023-11-10T05:00:00Z,-0.008583690987124415
2023-11-13 05:00:00+00:00,185.82,184.8,186.03,184.21,43627519,2023-11-13T05:00:00Z,0.014285714285714235
2023-11-14 05:00:00+00:00,187.7,187.44,188.11,186.3,60108378,2023-11-14T05:00:00Z,0.0030409731113956173
2023-11-15 05:00:00+00:00,187.84,188.01,189.5,187.78,53608999,2023-11-15T05:00:00Z,0.009042072230200704
2023-11-16 05:00:00+00:00,189.57,189.71,190.96,188.65,54412915,2023-11-16T05:00:00Z,-0.00010542406831481888
2023-11-17 05:00:00+00:00,190.25,189.69,190.38,188.57,50737404,2023-11-17T05:00:00Z,0.009278296167430922
2023-11-20 05:00:00+00:00,189.89,191.45,191.91,189.88,46538614,2023-11-20T05:00:00Z,-0.004230869678767291
2023-11-21 05:00:00+00:00,191.41,190.64,191.52,189.74,38134485,2023-11-21T05:00:00Z,0.0035144775493076708
2023-11-22 05:00:00+00:00,191.49,191.31,192.93,190.82,39630011,2023-11-22T05:00:00Z,-0.0070043385081804965
2023-11-24 05:00:00+00:00,190.87,189.97,190.9,189.25,24018404,2023-11-24T05:00:00Z,-0.0009475180291624863
2023-11-27 05:00:00+00:00,189.92,189.79,190.67,188.9,40456609,2023-11-27T05:00:00Z,0.0032140787185837016
2023-11-28 05:00:00+00:00,189.78,190.4,191.08,189.4,38415419,2023-11-28T05:00:00Z,-0.005409663865546199
2023-11-29 05:00:00+00:00,190.9,189.37,192.09,188.97,43014224,2023-11-29T05:00:00Z,0.003062787136294043
2023-11-30 05:00:00+00:00,189.84,189.95,190.32,188.19,48744366,2023-11-30T05:00:00Z,0.006791260858120651
2023-12-01 05:00:00+00:00,190.33,191.24,191.56,189.23,45676673,2023-12-01T05:00:00Z,-0.009464547165864867
2023-12-04 05:00:00+00:00,189.98,189.43,190.05,187.45,43389519,2023-12-04T05:00:00Z,0.02106318956870612
2023-12-05 05:00:00+00:00,190.21,193.42,194.4,190.18,66628398,2023-12-05T05:00:00Z,-0.005687105780167512
2023-12-06 05:00:00+00:00,194.45,192.32,194.76,192.11,41055862,2023-12-06T05:00:00Z,0.010139351081530856
2023-12-07 05:00:00+00:00,193.63,194.27,195.0,193.59,47413955,2023-12-07T05:00:00Z,0.007412364235342528
2023-12-08 05:00:00+00:00,194.2,195.71,195.99,193.67,53383658,2023-12-08T05:00:00Z,-0.012927290378621392
2023-12-11 05:00:00+00:00,193.11,193.18,193.49,191.42,60943699,2023-12-11T05:00:00Z,0.007920074541878153
2023-12-12 05:00:00+00:00,193.08,194.71,194.72,191.72,52696900,2023-12-12T05:00:00Z,0.016691489908068347
2023-12-13 05:00:00+00:00,195.09,197.96,198.0,194.85,70404183,2023-12-13T05:00:00Z,0.0007577288341078514
2023-12-14 05:00:00+00:00,198.02,198.11,199.62,196.16,66831572,2023-12-14T05:00:00Z,-0.0027257584170411464
2023-12-15 05:00:00+00:00,197.53,197.57,198.4,197.0,127387901,2023-12-15T05:00:00Z,-0.008503315280660062
2023-12-18 05:00:00+00:00,196.09,195.89,196.63,194.39,55751861,2023-12-18T05:00:00Z,0.005360151105212152
2023-12-19 05:00:00+00:00,196.16,196.94,196.95,195.89,40714051,2023-12-19T05:00:00Z,-0.010713923022240168
2023-12-20 05:00:00+00:00,196.9,194.83,197.68,194.83,52242815,2023-12-20T05:00:00Z,-0.0007699019658163886
2023-12-21 05:00:00+00:00,196.1,194.68,197.08,193.5,46482549,2023-12-21T05:00:00Z,-0.005547565235257901
2023-12-22 05:00:00+00:00,195.18,193.6,195.41,192.97,37149570,2023-12-22T05:00:00Z,-0.0028409090909089496
2023-12-26 05:00:00+00:00,193.61,193.05,193.89,192.83,28919310,2023-12-26T05:00:00Z,0.0005180005180005498
2023-12-27 05:00:00+00:00,192.49,193.15,193.5,191.09,48087681,2023-12-27T05:00:00Z,0.0022262490292519477
2023-12-28 05:00:00+00:00,194.14,193.58,194.66,193.17,34049898,2023-12-28T05:00:00Z,-0.00542411406137
2023-12-29 05:00:00+00:00,193.9,192.53,194.4,191.72,42672148,2023-12-29T05:00:00Z,-0.0357866306549629
2024-01-02 05:00:00+00:00,187.15,185.64,188.44,183.88,81964874,2024-01-02T05:00:00Z,-0.007487610428786873
2024-01-03 05:00:00+00:00,184.22,184.25,185.88,183.43,58414460,2024-01-03T05:00:00Z,-0.012700135685210334
2024-01-04 05:00:00+00:00,182.15,181.91,183.09,180.88,71878670,2024-01-04T05:00:00Z,-0.004012973448408452
2024-01-05 05:00:00+00:00,181.99,181.18,182.76,180.17,62371161,2024-01-05T05:00:00Z,0.024174853736615542
2024-01-08 05:00:00+00:00,182.09,185.56,185.6,181.5,59144470,2024-01-08T05:00:00Z,-0.0022634188402673727
2024-01-09 05:00:00+00:00,183.92,185.14,185.15,182.73,42841809,2024-01-09T05:00:00Z,0.005671383817651643
2024-01-10 05:00:00+00:00,184.35,186.19,186.4,183.92,46192908,2024-01-10T05:00:00Z,-0.0032225146355873147
2024-01-11 05:00:00+00:00,186.54,185.59,187.05,183.62,49128408,2024-01-11T05:00:00Z,0.0017781130448837335
2024-01-12 05:00:00+00:00,186.06,185.92,186.74,185.19,40477782,2024-01-12T05:00:00Z,-0.012317125645438853
2024-01-16 05:00:00+00:00,182.16,183.63,184.26,180.93,65076641,2024-01-16T05:00:00Z,-0.005173446604585297
2024-01-17 05:00:00+00:00,181.27,182.68,182.93,180.3,47317433,2024-01-17T05:00:00Z,0.03257061528355587
2024-01-18 05:00:00+00:00,186.09,188.63,189.14,185.83,77722754,2024-01-18T05:00:00Z,0.015533054127127244
2024-01-19 05:00:00+00:00,189.33,191.56,191.95,188.82,68887985,2024-01-19T05:00:00Z,0.012163290874921628
2024-01-22 05:00:00+00:00,192.3,193.89,195.33,192.26,60131852,2024-01-22T05:00:00Z,0.006653257001392632
2024-01-23 05:00:00+00:00,195.02,195.18,195.75,193.83,42355590,2024-01-23T05:00:00Z,-0.003483963520852562
2024-01-24 05:00:00+00:00,195.42,194.5,196.38,194.34,53631316,2024-01-24T05:00:00Z,-0.0016966580976864876
2024-01-25 05:00:00+00:00,195.22,194.17,196.27,193.11,54822126,2024-01-25T05:00:00Z,-0.009012720811659936
2024-01-26 05:00:00+00:00,194.27,192.42,194.76,191.94,44587111,2024-01-26T05:00:00Z,-0.003585905830994718
2024-01-29 05:00:00+00:00,192.01,191.73,192.2,189.58,47145622,2024-01-29T05:00:00Z,-0.019245814426537278
2024-01-30 05:00:00+00:00,190.94,188.04,191.8,187.47,55836970,2024-01-30T05:00:00Z,-0.019357583492873753
2024-01-31 05:00:00+00:00,187.04,184.4,187.09,184.35,55467803,2024-01-31T05:00:00Z,0.013340563991323329
2024-02-01 05:00:00+00:00,183.99,186.86,186.95,183.82,64885408,2024-02-01T05:00:00Z,-0.005405116129722942
2024-02-02 05:00:00+00:00,179.86,185.85,187.33,179.25,102527680,2024-02-02T05:00:00Z,0.00984665052461664
2024-02-05 05:00:00+00:00,188.15,187.68,189.25,185.84,69654320,2024-02-05T05:00:00Z,0.008631713554987153
2024-02-06 05:00:00+00:00,186.86,189.3,189.31,186.77,43490759,2024-02-06T05:00:00Z,0.0005810882197569978
2024-02-07 05:00:00+00:00,190.64,189.41,191.05,188.61,53438955,2024-02-07T05:00:00Z,-0.005754712000422435
2024-02-08 05:00:00+00:00,189.38,188.32,189.53,187.35,40962046,2024-02-08T05:00:00Z,0.0028143585386575243
2024-02-09 05:00:00+00:00,188.65,188.85,189.99,188.0,45155216,2024-02-09T05:00:00Z,-0.009001853322742837
2024-02-12 05:00:00+00:00,188.41,187.15,188.67,186.79,41781934,2024-02-12T05:00:00Z,-0.011274378840502308
2024-02-13 05:00:00+00:00,185.77,185.04,186.21,183.51,56529529,2024-02-13T05:00:00Z,-0.00480977086035439
2024-02-14 05:00:00+00:00,185.32,184.15,185.53,182.44,54617917,2024-02-14T05:00:00Z,-0.0015748031496062298
2024-02-15 05:00:00+00:00,183.55,183.86,184.49,181.35,65434496,2024-02-15T05:00:00Z,-0.008430327423039286
2024-02-16 05:00:00+00:00,183.42,182.31,184.85,181.66,49752465,2024-02-16T05:00:00Z,-0.004113871976304084
2024-02-20 05:00:00+00:00,181.79,181.56,182.43,180.0,53574453,2024-02-20T05:00:00Z,0.004185944040537404
2024-02-21 05:00:00+00:00,181.94,182.32,182.89,180.66,41496371,2024-02-21T05:00:00Z,0.011243966652040527
2024-02-22 05:00:00+00:00,183.48,184.37,184.96,182.46,52284192,2024-02-22T05:00:00Z,-0.010034170418180777
2024-02-23 05:00:00+00:00,185.01,182.52,185.04,182.23,44926677,2024-02-23T05:00:00Z,-0.007451238220469114
2024-02-26 05:00:00+00:00,182.24,181.16,182.76,180.65,40867421,2024-02-26T05:00:00Z,0.008114374034003058
2024-02-27 05:00:00+00:00,181.1,182.63,183.92,179.56,54318851,2024-02-27T05:00:00Z,-0.006625417510814247
2024-02-28 05:00:00+00:00,182.51,181.42,183.12,180.13,48943139,2024-02-28T05:00:00Z,-0.0036930878624186203
2024-02-29 05:00:00+00:00,181.27,180.75,182.57,179.53,136682597,2024-02-29T05:00:00Z,-0.006030428769018048
2024-03-01 05:00:00+00:00,179.55,179.66,180.53,177.38,73450582,2024-03-01T05:00:00Z,-0.025381275743070253
2024-03-04 05:00:00+00:00,176.15,175.1,176.9,173.79,81505451,2024-03-04T05:00:00Z,-0.02844089091947455
2024-03-05 05:00:00+00:00,170.76,170.12,172.04,169.62,94702355,2024-03-05T05:00:00Z,-0.005878203620973466
2024-03-06 05:00:00+00:00,171.06,169.12,171.24,168.68,68568907,2024-03-06T05:00:00Z,-0.0007095553453169146
2024-03-07 05:00:00+00:00,169.15,169.0,170.73,168.49,71763761,2024-03-07T05:00:00Z,0.010236686390532546
2024-03-08 05:00:00+00:00,169.0,170.73,173.7,168.94,76267041,2024-03-08T05:00:00Z,0.01183154688689747
2024-03-11 04:00:00+00:00,172.94,172.75,174.38,172.05,60139473,2024-03-11T04:00:00Z,0.002778581765557009
2024-03-12 04:00:00+00:00,173.15,173.23,174.03,171.01,59813522,2024-03-12T04:00:00Z,-0.01212261155688965
2024-03-13 04:00:00+00:00,172.77,171.13,173.19,170.76,52488692,2024-03-13T04:00:00Z,0.010927365160988689
2024-03-14 04:00:00+00:00,172.91,173.0,174.31,172.05,72913507,2024-03-14T04:00:00Z,-0.0021965317919074856
2024-03-15 04:00:00+00:00,171.17,172.62,172.62,170.28,121752699,2024-03-15T04:00:00Z,0.006372378635152387
2024-03-18 04:00:00+00:00,175.57,173.72,177.71,173.52,75604184,2024-03-18T04:00:00Z,0.01358507943817644
2024-03-19 04:00:00+00:00,174.34,176.08,176.6,173.03,55215244,2024-03-19T04:00:00Z,0.014709223080417777
2024-03-20 04:00:00+00:00,175.72,178.67,178.67,175.09,53423102,2024-03-20T04:00:00Z,-0.04085744668942737
2024-03-21 04:00:00+00:00,177.05,171.37,177.49,170.84,106181270,2024-03-21T04:00:00Z,0.005310147633774909
2024-03-22 04:00:00+00:00,171.76,172.28,173.05,170.06,71146138,2024-03-22T04:00:00Z,-0.008300441142326531
2024-03-25 04:00:00+00:00,170.56,170.85,171.94,169.45,54288328,2024-03-25T04:00:00Z,-0.00667251975417027
2024-03-26 04:00:00+00:00,170.0,169.71,171.42,169.58,57388449,2024-03-26T04:00:00Z,0.02121265688527485
2024-03-27 04:00:00+00:00,170.41,173.31,173.6,170.11,60263665,2024-03-27T04:00:00Z,-0.010559113726847924
2024-03-28 04:00:00+00:00,171.75,171.48,172.23,170.51,65671690,2024-03-28T04:00:00Z,-0.008455796594354914
2024-04-01 04:00:00+00:00,171.19,170.03,171.25,169.47,46240500,2024-04-01T04:00:00Z,-0.0069987649238369976
2024-04-02 04:00:00+00:00,169.08,168.84,169.34,168.23,49297581,2024-04-02T04:00:00Z,0.00479744136460547
2024-04-03 04:00:00+00:00,168.79,169.65,170.68,168.58,47691715,2024-04-03T04:00:00Z,-0.004892425582080806
2024-04-04 04:00:00+00:00,170.29,168.82,171.92,168.82,53682486,2024-04-04T04:00:00Z,0.004501836275322857
2024-04-05 04:00:00+00:00,169.59,169.58,170.39,168.95,42104826,2024-04-05T04:00:00Z,-0.006663521641703141
2024-04-08 04:00:00+00:00,169.03,168.45,169.2,168.24,37425513,2024-04-08T04:00:00Z,0.007242505194419602
2024-04-09 04:00:00+00:00,168.7,169.67,170.08,168.35,42451209,2024-04-09T04:00:00Z,-0.011139270348323183
2024-04-10 04:00:00+00:00,168.8,167.78,169.09,167.11,49691936,2024-04-10T04:00:00Z,0.04327095005364168
2024-04-11 04:00:00+00:00,168.34,175.04,175.46,168.16,91053075,2024-04-11T04:00:00Z,0.008626599634369292
2024-04-12 04:00:00+00:00,174.26,176.55,178.36,174.21,101282386,2024-04-12T04:00:00Z,-0.02186349476069105
2024-04-15 04:00:00+00:00,175.36,172.69,176.63,172.5,73498773,2024-04-15T04:00:00Z,-0.01916729399502004
2024-04-16 04:00:00+00:00,171.75,169.38,173.76,168.27,73665235,2024-04-16T04:00:00Z,-0.008147360963513983
2024-04-17 04:00:00+00:00,169.61,168.0,170.65,168.0,50351210,2024-04-17T04:00:00Z,-0.005714285714285783
2024-04-18 04:00:00+00:00,168.03,167.04,168.64,166.55,43103753,2024-04-18T04:00:00Z,-0.012212643678160884
2024-04-19 04:00:00+00:00,166.21,165.0,166.4,164.07,68149377,2024-04-19T04:00:00Z,0.005090909090909035
2024-04-22 04:00:00+00:00,165.51,165.84,167.26,164.77,48071343,2024-04-22T04:00:00Z,0.006391702846116676
2024-04-23 04:00:00+00:00,165.35,166.9,167.05,164.92,49537761,2024-04-23T04:00:00Z,0.012702216896345098
2024-04-24 04:00:00+00:00,166.54,169.02,169.3,166.21,48251835,2024-04-24T04:00:00Z,0.0051473198438052314
2024-04-25 04:00:00+00:00,169.53,169.89,170.61,168.15,50558329,2024-04-25T04:00:00Z,-0.003472835364058957
2024-04-26 04:00:00+00:00,169.88,169.3,171.34,169.18,44812854,2024-04-26T04:00:00Z,0.024808033077377445
2024-04-29 04:00:00+00:00,173.37,173.5,176.03,173.1,68149919,2024-04-29T04:00:00Z,-0.0182708933717578
2024-04-30 04:00:00+00:00,173.33,170.33,174.99,170.0,65824776,2024-04-30T04:00:00Z,-0.006047085070157943
2024-05-01 04:00:00+00:00,169.58,169.3,172.71,169.11,49387185,2024-05-01T04:00:00Z,0.022031896042528087
2024-05-02 04:00:00+00:00,172.51,173.03,173.41,170.89,94211515,2024-05-02T04:00:00Z,0.05981621684101013
2024-05-03 04:00:00+00:00,186.65,183.38,187.0,182.66,163224109,2024-05-03T04:00:00Z,-0.009106772821463549
2024-05-06 04:00:00+00:00,182.35,181.71,184.2,180.42,78319667,2024-05-06T04:00:00Z,0.0037972593693247347
2024-05-07 04:00:00+00:00,183.45,182.4,184.9,181.32,77298571,2024-05-07T04:00:00Z,0.0018640350877192624
2024-05-08 04:00:00+00:00,182.85,182.74,183.07,181.45,45057087,2024-05-08T04:00:00Z,0.010014227864725722
2024-05-09 04:00:00+00:00,182.56,184.57,184.66,182.11,48948972,2024-05-09T04:00:00Z,-0.008235357858806913
2024-05-10 04:00:00+00:00,184.9,183.05,185.09,182.13,50745096,2024-05-10T04:00:00Z,0.017645452062277966
2024-05-13 04:00:00+00:00,185.44,186.28,187.1,184.62,71969409,2024-05-13T04:00:00Z,0.006173502254670504
2024-05-14 04:00:00+00:00,187.51,187.43,188.3,186.29,52393619,2024-05-14T04:00:00Z,0.012217894680680796
2024-05-15 04:00:00+00:00,187.91,189.72,190.65,187.37,70381988,2024-05-15T04:00:00Z,0.0006325110689437974
2024-05-16 04:00:00+00:00,190.47,189.84,191.09,189.66,52845230,2024-05-16T04:00:00Z,0.00015802781289497858
2024-05-17 04:00:00+00:00,189.51,189.87,190.81,189.18,41282925,2024-05-17T04:00:00Z,0.006162110917996566
2024-05-20 04:00:00+00:00,189.32,191.04,191.92,189.01,44361275,2024-05-20T04:00:00Z,0.006857202680067065
2024-05-21 04:00:00+00:00,191.09,192.35,192.73,190.92,42309401,2024-05-21T04:00:00Z,-0.007538341564855666
2024-05-22 04:00:00+00:00,192.26,190.9,192.82,190.27,34648547,2024-05-22T04:00:00Z,-0.021058145625982294
2024-05-23 04:00:00+00:00,190.98,186.88,191.0,186.62,51005924,2024-05-23T04:00:00Z,0.016588184931506822
2024-05-24 04:00:00+00:00,188.82,189.98,190.58,188.04,36326975,2024-05-24T04:00:00Z,5.263711969694107e-05
2024-05-28 04:00:00+00:00,191.51,189.99,193.0,189.1,52230051,2024-05-28T04:00:00Z,0.001579030475288068
2024-05-29 04:00:00+00:00,189.61,190.29,192.25,189.51,53068016,2024-05-29T04:00:00Z,0.0052551368963160705
2024-05-30 04:00:00+00:00,190.76,191.29,192.18,190.63,49947941,2024-05-30T04:00:00Z,0.005018558210047708
2024-05-31 04:00:00+00:00,191.44,192.25,192.57,189.91,75158277,2024-05-31T04:00:00Z,0.009258777633289972
2024-06-03 04:00:00+00:00,192.9,194.03,194.99,192.52,50078439,2024-06-03T04:00:00Z,0.0016492295005927637
2024-06-04 04:00:00+00:00,194.63,194.35,195.32,193.03,47471445,2024-06-04T04:00:00Z,0.007820941600205966
2024-06-05 04:00:00+00:00,195.4,195.87,196.9,194.87,54156785,2024-06-05T04:00:00Z,-0.0070965436258744186
2024-06-06 04:00:00+00:00,195.69,194.48,196.5,194.17,41162753,2024-06-06T04:00:00Z,0.012392019744960958
2024-06-07 04:00:00+00:00,194.65,196.89,196.94,194.14,53085712,2024-06-07T04:00:00Z,-0.019147747473208354
2024-06-10 04:00:00+00:00,196.9,193.12,197.3,192.15,97262077,2024-06-10T04:00:00Z,0.07264913007456508
2024-06-11 04:00:00+00:00,193.65,207.15,207.16,193.63,172116296,2024-06-11T04:00:00Z,0.028578324885348616
2024-06-12 04:00:00+00:00,207.37,213.07,220.2,206.9,198109293,2024-06-12T04:00:00Z,0.005491153142159977
2024-06-13 04:00:00+00:00,214.74,214.24,216.75,211.6,97750229,2024-06-13T04:00:00Z,-0.008168409260642218
2024-06-14 04:00:00+00:00,213.85,212.49,215.17,211.3,70108898,2024-06-14T04:00:00Z,0.019671513953597675
2024-06-17 04:00:00+00:00,213.37,216.67,218.95,212.72,93689100,2024-06-17T04:00:00Z,-0.010984446393132341
2024-06-18 04:00:00+00:00,217.59,214.29,218.63,213.0,79943254,2024-06-18T04:00:00Z,-0.02151290307527176
2024-06-20 04:00:00+00:00,213.93,209.68,214.24,208.85,86095783,2024-06-20T04:00:00Z,-0.010444486837085099
2024-06-21 04:00:00+00:00,210.39,207.49,211.89,207.11,246421353,2024-06-21T04:00:00Z,0.0031326810930645266
2024-06-24 04:00:00+00:00,207.72,208.14,212.7,206.59,80721906,2024-06-24T04:00:00Z,0.004468146439896348
2024-06-25 04:00:00+00:00,209.15,209.07,211.38,208.61,56280868,2024-06-25T04:00:00Z,0.019993303678193852
2024-06-26 04:00:00+00:00,211.5,213.25,214.86,210.64,66213186,2024-06-26T04:00:00Z,0.00398593200468933
2024-06-27 04:00:00+00:00,214.69,214.1,215.74,212.35,49772707,2024-06-27T04:00:00Z,-0.01625408687529184
2024-06-28 04:00:00+00:00,215.77,210.62,216.07,210.3,82538718,2024-06-28T04:00:00Z,0.02910454847592825
2024-07-01 04:00:00+00:00,212.09,216.75,217.51,211.92,60402929,2024-07-01T04:00:00Z,0.016239907727797043
2024-07-02 04:00:00+00:00,216.15,220.27,220.38,215.1,58046178,2024-07-02T04:00:00Z,0.0058110500749080085
2024-07-03 04:00:00+00:00,220.0,221.55,221.55,219.03,37269801,2024-07-03T04:00:00Z,0.02162040171518842
2024-07-05 04:00:00+00:00,221.65,226.34,226.45,221.65,59517108,2024-07-05T04:00:00Z,0.006538835380401231
2024-07-08 04:00:00+00:00,227.09,227.82,227.85,223.25,59085861,2024-07-08T04:00:00Z,0.0037749100166799554
2024-07-09 04:00:00+00:00,227.93,228.68,229.4,226.37,48013382,2024-07-09T04:00:00Z,0.01880356830505492
2024-07-10 04:00:00+00:00,229.3,232.98,233.08,229.25,62627687,2024-07-10T04:00:00Z,-0.02322087732852607
2024-07-11 04:00:00+00:00,231.39,227.57,232.39,225.77,64456867,2024-07-11T04:00:00Z,0.01305092938436525
2024-07-12 04:00:00+00:00,228.92,230.54,232.64,228.68,53046527,2024-07-12T04:00:00Z,0.016743298343020685
2024-07-15 04:00:00+00:00,236.48,234.4,237.23,233.09,62623152,2024-07-15T04:00:00Z,0.0017918088737201021
2024-07-16 04:00:00+00:00,235.0,234.82,236.27,232.33,41184278,2024-07-16T04:00:00Z,-0.025295971382335414
2024-07-17 04:00:00+00:00,229.45,228.88,231.46,226.64,57345884,2024-07-17T04:00:00Z,-0.020534778049632996
2024-07-18 04:00:00+00:00,230.28,224.18,230.44,222.27,66034585,2024-07-18T04:00:00Z,0.0005798911588901223
2024-07-19 04:00:00+00:00,224.82,224.31,226.8,223.28,49151453,2024-07-19T04:00:00Z,-0.001560340600062382
2024-07-22 04:00:00+00:00,227.01,223.96,227.78,223.09,48201835,2024-07-22T04:00:00Z,0.004688337203071935
2024-07-23 04:00:00+00:00,224.37,225.01,226.94,222.68,39960260,2024-07-23T04:00:00Z,-0.028754277587662802
2024-07-24 04:00:00+00:00,224.0,218.54,224.8,217.13,61777576,2024-07-24T04:00:00Z,-0.004804612427930732
2024-07-25 04:00:00+00:00,218.93,217.49,220.85,214.62,51391199,2024-07-25T04:00:00Z,0.002161018897420597
2024-07-26 04:00:00+00:00,218.7,217.96,219.49,216.01,41599345,2024-07-26T04:00:00Z,0.0012846393833731984
2024-07-29 04:00:00+00:00,216.96,218.24,219.3,215.75,36284528,2024-07-29T04:00:00Z,0.002565982404692191
2024-07-30 04:00:00+00:00,219.19,218.8,220.32,216.12,41493840,2024-07-30T04:00:00Z,0.014990859232175469
2024-07-31 04:00:00+00:00,221.44,222.08,223.82,220.63,50036262,2024-07-31T04:00:00Z,-0.016750720461095048
2024-08-01 04:00:00+00:00,224.37,218.36,224.48,217.02,62477496,2024-08-01T04:00:00Z,0.006869389998168218
2024-08-02 04:00:00+00:00,219.15,219.86,225.6,217.71,105568560,2024-08-02T04:00:00Z,-0.0481670153734195
2024-08-05 04:00:00+00:00,199.09,209.27,213.5,196.0,119517900,2024-08-05T04:00:00Z,-0.009748172217709294
2024-08-06 04:00:00+00:00,205.3,207.23,209.99,201.07,69579488,2024-08-06T04:00:00Z,0.01249819041644562
2024-08-07 04:00:00+00:00,206.9,209.82,213.64,206.39,63516417,2024-08-07T04:00:00Z,0.016633304737394106
2024-08-08 04:00:00+00:00,213.11,213.31,214.2,208.83,46801649,2024-08-08T04:00:00Z,0.013735877361586546
2024-08-09 04:00:00+00:00,212.1,216.24,216.78,211.97,42201646,2024-08-09T04:00:00Z,0.005965593784683643
2024-08-12 04:00:00+00:00,216.07,217.53,219.51,215.6,38028092,2024-08-12T04:00:00Z,0.01719303084632018
2024-08-13 04:00:00+00:00,219.01,221.27,221.89,219.01,44155331,2024-08-13T04:00:00Z,0.002033714466488812
2024-08-14 04:00:00+00:00,220.57,221.72,223.03,219.7,41948574,2024-08-14T04:00:00Z,0.013530579108785856
2024-08-15 04:00:00+00:00,224.6,224.72,225.35,222.76,46398713,2024-08-15T04:00:00Z,0.005918476326094657
2024-08-16 04:00:00+00:00,223.92,226.05,226.83,223.65,44338440,2024-08-16T04:00:00Z,-0.0007078080070781478
2024-08-19 04:00:00+00:00,225.72,225.89,225.99,223.04,40687813,2024-08-19T04:00:00Z,0.002744698747177754
2024-08-20 04:00:00+00:00,225.77,226.51,227.17,225.45,30299033,2024-08-20T04:00:00Z,-0.0004856297735198467
2024-08-21 04:00:00+00:00,226.52,226.4,227.98,225.05,34765480,2024-08-21T04:00:00Z,-0.008259717314487602
2024-08-22 04:00:00+00:00,227.79,224.53,228.34,223.9,43673321,2024-08-22T04:00:00Z,0.010288157484523275
2024-08-23 04:00:00+00:00,225.66,226.84,228.22,224.33,38647250,2024-08-23T04:00:00Z,0.0014988538176687882
2024-08-26 04:00:00+00:00,226.76,227.18,227.28,223.89,30599408,2024-08-26T04:00:00Z,0.003741526542829554
2024-08-27 04:00:00+00:00,226.0,228.03,228.85,224.89,35934559,2024-08-27T04:00:00Z,-0.006753497346840276
2024-08-28 04:00:00+00:00,227.92,226.49,229.86,225.68,37737167,2024-08-28T04:00:00Z,0.014570179698882857
2024-08-29 04:00:00+00:00,230.1,229.79,232.92,228.88,51906297,2024-08-29T04:00:00Z,-0.003437921580573544
2024-08-30 04:00:00+00:00,230.19,229.0,230.4,227.48,52988670,2024-08-30T04:00:00Z,-0.027205240174672407
2024-09-03 04:00:00+00:00,228.55,222.77,229.0,221.17,50175516,2024-09-03T04:00:00Z,-0.008618754769493253
2024-09-04 04:00:00+00:00,221.66,220.85,221.78,217.48,43840196,2024-09-04T04:00:00Z,0.0069277790355444235
2024-09-05 04:00:00+00:00,221.62,222.38,225.48,221.52,36615398,2024-09-05T04:00:00Z,-0.007015019336271244
2024-09-06 04:00:00+00:00,223.95,220.82,225.24,219.77,48423011,2024-09-06T04:00:00Z,0.0004075717779186139
2024-09-09 04:00:00+00:00,220.82,220.91,221.27,216.71,67179965,2024-09-09T04:00:00Z,-0.003621384274138717
2024-09-10 04:00:00+00:00,218.92,220.11,221.48,216.73,51591033,2024-09-10T04:00:00Z,0.011585116532642603
2024-09-11 04:00:00+00:00,221.46,222.66,223.09,217.89,44587072,2024-09-11T04:00:00Z,0.0004940267672686183
2024-09-12 04:00:00+00:00,222.5,222.77,223.55,219.82,37497490,2024-09-12T04:00:00Z,-0.0012120123894600043
2024-09-13 04:00:00+00:00,223.58,222.5,224.04,221.91,36766619,2024-09-13T04:00:00Z,-0.027775280898876487
2024-09-16 04:00:00+00:00,216.54,216.32,217.22,213.92,59357427,2024-09-16T04:00:00Z,0.0021727071005916976
2024-09-17 04:00:00+00:00,215.75,216.79,216.9,214.5,45519339,2024-09-17T04:00:00Z,0.01798975967526184
2024-09-18 04:00:00+00:00,217.55,220.69,222.71,217.54,59894928,2024-09-18T04:00:00Z,0.03706556708505149
2024-09-19 04:00:00+00:00,224.99,228.87,229.82,224.63,66781315,2024-09-19T04:00:00Z,-0.0029274260497226257
2024-09-20 04:00:00+00:00,229.97,228.2,233.09,227.62,317079888,2024-09-20T04:00:00Z,-0.007581069237510896
2024-09-23 04:00:00+00:00,227.34,226.47,229.45,225.81,54090023,2024-09-23T04:00:00Z,0.003974036296198191
2024-09-24 04:00:00+00:00,228.65,227.37,229.35,225.73,43556068,2024-09-24T04:00:00Z,-0.004398117605664775
2024-09-25 04:00:00+00:00,224.93,226.37,227.29,224.02,42308715,2024-09-25T04:00:00Z,0.005080178468878316
2024-09-26 04:00:00+00:00,227.3,227.52,228.5,225.41,36635707,2024-09-26T04:00:00Z,0.0011867088607593335
2024-09-27 04:00:00+00:00,228.46,227.79,229.52,227.3,34003467,2024-09-27T04:00:00Z,0.022871943456692634
2024-09-30 04:00:00+00:00,230.04,233.0,233.0,229.65,54793391,2024-09-30T04:00:00Z,-0.02914163090128752
2024-10-01 04:00:00+00:00,229.52,226.21,229.65,223.74,63235048,2024-10-01T04:00:00Z,0.0025197825029839027
2024-10-02 04:00:00+00:00,225.89,226.78,227.37,223.02,32880605,2024-10-02T04:00:00Z,-0.004894611517770597
2024-10-03 04:00:00+00:00,225.14,225.67,226.81,223.32,34044158,2024-10-03T04:00:00Z,0.005007311561129102
2024-10-04 04:00:00+00:00,227.9,226.8,228.0,224.13,37345098,2024-10-04T04:00:00Z,-0.02253086419753092
2024-10-07 04:00:00+00:00,224.5,221.69,225.69,221.33,39505354,2024-10-07T04:00:00Z,0.018404077766250193
2024-10-08 04:00:00+00:00,224.3,225.77,225.98,223.25,31855693,2024-10-08T04:00:00Z,0.01669840988616733
2024-10-09 04:00:00+00:00,225.23,229.54,229.75,224.83,33591091,2024-10-09T04:00:00Z,-0.002178269582643555
2024-10-10 04:00:00+00:00,227.78,229.04,229.5,227.17,28183544,2024-10-10T04:00:00Z,-0.006505413901501833
2024-10-11 04:00:00+00:00,229.3,227.55,229.41,227.34,31759188,2024-10-11T04:00:00Z,0.016479894528675043
2024-10-14 04:00:00+00:00,228.7,231.3,231.73,228.6,39882085,2024-10-14T04:00:00Z,0.011024643320363126
2024-10-15 04:00:00+00:00,233.61,233.85,237.49,232.37,64748367,2024-10-15T04:00:00Z,-0.008851828094932568
2024-10-16 04:00:00+00:00,231.6,231.78,232.12,229.84,34082240,2024-10-16T04:00:00Z,0.0015963413581845387
2024-10-17 04:00:00+00:00,233.43,232.15,233.85,230.52,32974310,2024-10-17T04:00:00Z,0.012276545337066569
2024-10-18 04:00:00+00:00,236.18,235.0,236.18,234.01,45831472,2024-10-18T04:00:00Z,0.006297872340425448
2024-10-21 04:00:00+00:00,234.45,236.48,236.85,234.45,36254470,2024-10-21T04:00:00Z,-0.0026217861975641465
2024-10-22 04:00:00+00:00,233.88,235.86,236.22,232.6,38846578,2024-10-22T04:00:00Z,-0.021622996692953533
2024-10-23 04:00:00+00:00,234.08,230.76,235.14,227.76,52286979,2024-10-23T04:00:00Z,-0.0008233662679840714
2024-10-24 04:00:00+00:00,229.98,230.57,230.82,228.41,31109503,2024-10-24T04:00:00Z,0.0036431452487313276
2024-10-25 04:00:00+00:00,229.74,231.41,233.22,229.57,38602304,2024-10-25T04:00:00Z,0.00859945551186203
2024-10-28 04:00:00+00:00,233.32,233.4,234.73,232.55,36087134,2024-10-28T04:00:00Z,0.0011568123393315144
2024-10-29 04:00:00+00:00,233.1,233.67,234.32,232.32,35413047,2024-10-29T04:00:00Z,-0.015277956091924505
2024-10-30 04:00:00+00:00,232.61,230.1,233.47,229.55,47060257,2024-10-30T04:00:00Z,-0.018209474141677506
2024-10-31 04:00:00+00:00,229.34,225.91,229.83,225.37,64370086,2024-10-31T04:00:00Z,-0.01327962462927712
2024-11-01 04:00:00+00:00,220.97,222.91,225.35,220.27,65276741,2024-11-01T04:00:00Z,-0.004037503925351071
2024-11-04 05:00:00+00:00,220.99,222.01,222.79,219.71,44344468,2024-11-04T05:00:00Z,0.006486194315571403
2024-11-05 05:00:00+00:00,221.79,223.45,223.95,221.14,28111338,2024-11-05T05:00:00Z,-0.0032669501006936663
2024-11-06 05:00:00+00:00,222.61,222.72,226.06,221.19,54561121,2024-11-06T05:00:00Z,0.021372126436781658
2024-11-07 05:00:00+00:00,224.62,227.48,227.88,224.57,42137691,2024-11-07T05:00:00Z,-0.0022859152452961995
2024-11-08 05:00:00+00:00,227.17,226.96,228.66,226.41,38328824,2024-11-08T05:00:00Z,-0.012028551286570432
2024-11-11 05:00:00+00:00,225.0,224.23,225.7,221.5,42005602,2024-11-11T05:00:00Z,0.0
2024-11-12 05:00:00+00:00,224.55,224.23,225.59,223.35,40398299,2024-11-12T05:00:00Z,0.0039691388306650754
2024-11-13 05:00:00+00:00,224.01,225.12,226.65,222.76,48566217,2024-11-13T05:00:00Z,0.01377043354655294
2024-11-14 05:00:00+00:00,225.02,228.22,228.87,225.0,44923941,2024-11-14T05:00:00Z,-0.014109192884059207
2024-11-15 05:00:00+00:00,226.4,225.0,226.92,224.27,47923696,2024-11-15T05:00:00Z,0.013422222222222224
2024-11-18 05:00:00+00:00,225.25,228.02,229.74,225.17,44686020,2024-11-18T05:00:00Z,0.0011402508551880963
2024-11-19 05:00:00+00:00,226.98,228.28,230.16,226.66,36211774,2024-11-19T05:00:00Z,0.0031540213772560666
2024-11-20 05:00:00+00:00,228.06,229.0,229.93,225.89,35075316,2024-11-20T05:00:00Z,-0.002096069868995576
2024-11-21 05:00:00+00:00,228.88,228.52,230.16,225.71,42108327,2024-11-21T05:00:00Z,0.005907579205321145
2024-11-22 05:00:00+00:00,228.06,229.87,230.72,228.06,38168252,2024-11-22T05:00:00Z,0.013050854830991332
2024-11-25 05:00:00+00:00,231.46,232.87,233.25,229.74,90002832,2024-11-25T05:00:00Z,0.00940438871473348
2024-11-26 05:00:00+00:00,233.33,235.06,235.57,233.33,45986189,2024-11-26T05:00:00Z,-0.0005530502850336072
2024-11-27 05:00:00+00:00,234.47,234.93,235.69,233.81,33498439,2024-11-27T05:00:00Z,0.010215808964372464
2024-11-29 05:00:00+00:00,234.81,237.33,237.81,233.97,28481377,2024-11-29T05:00:00Z,0.009522605654573857
2024-12-02 05:00:00+00:00,237.27,239.59,240.79,237.16,48137103,2024-12-02T05:00:00Z,0.012771818523310774
2024-12-03 05:00:00+00:00,239.81,242.65,242.76,238.9,38861017,2024-12-03T05:00:00Z,0.0014836183803832448
2024-12-04 05:00:00+00:00,242.87,243.01,244.11,241.25,44383935,2024-12-04T05:00:00Z,0.00012345170980609943
2024-12-05 05:00:00+00:00,243.99,243.04,244.54,242.13,40033878,2024-12-05T05:00:00Z,-0.0008229098090848375
2024-12-06 05:00:00+00:00,242.91,242.84,244.63,242.08,36870619,2024-12-06T05:00:00Z,0.016101136550815243
2024-12-09 05:00:00+00:00,241.83,246.75,247.24,241.75,44649232,2024-12-09T05:00:00Z,0.004133738601823644
2024-12-10 05:00:00+00:00,246.89,247.77,248.21,245.34,36914806,2024-12-10T05:00:00Z,-0.005166081446502768
2024-12-11 05:00:00+00:00,247.96,246.49,250.8,246.26,45205814,2024-12-11T05:00:00Z,0.005963730780153442
2024-12-12 05:00:00+00:00,246.89,247.96,248.74,245.68,32777532,2024-12-12T05:00:00Z,0.000685594450717808
2024-12-13 05:00:00+00:00,247.81,248.13,249.29,246.24,33081590,2024-12-13T05:00:00Z,0.011727723370813736
2024-12-16 05:00:00+00:00,247.99,251.04,251.38,247.65,51694753,2024-12-16T05:00:00Z,0.009719566602931717
2024-12-17 05:00:00+00:00,250.08,253.48,253.83,249.78,51356360,2024-12-17T05:00:00Z,-0.021421808426700273
2024-12-18 05:00:00+00:00,252.16,248.05,254.28,247.74,56764701,2024-12-18T05:00:00Z,0.007014714775246844
2024-12-19 05:00:00+00:00,247.5,249.79,252.0,247.09,60559114,2024-12-19T05:00:00Z,0.01881580527643223
2024-12-20 05:00:00+00:00,248.04,254.49,255.0,245.69,147495267,2024-12-20T05:00:00Z,0.0030649534362843234
2024-12-23 05:00:00+00:00,254.77,255.27,255.65,253.45,40858774,2024-12-23T05:00:00Z,0.011478042856583048
2024-12-24 05:00:00+00:00,255.49,258.2,258.21,255.29,23234705,2024-12-24T05:00:00Z,0.003175832687838831
2024-12-26 05:00:00+00:00,258.19,259.02,260.1,257.63,27262983,2024-12-26T05:00:00Z,-0.013242220677939898
2024-12-27 05:00:00+00:00,257.83,255.59,258.7,253.06,42355321,2024-12-27T05:00:00Z,-0.013263429711647623
2024-12-30 05:00:00+00:00,252.23,252.2,253.5,250.75,35557542,2024-12-30T05:00:00Z,-0.007057890563045177
2024-12-31 05:00:00+00:00,252.44,250.42,253.28,249.43,39480718,2024-12-31T05:00:00Z,-0.026235923648270876
2025-01-02 05:00:00+00:00,248.93,243.85,249.1,241.82,55090731,2025-01-02T05:00:00Z,-0.002009432027885949
2025-01-03 05:00:00+00:00,243.36,243.36,244.18,241.89,40244114,2025-01-03T05:00:00Z,0.006738987508218219
2025-01-06 05:00:00+00:00,244.31,245.0,247.33,243.2,45045571,2025-01-06T05:00:00Z,-0.01138775510204082
2025-01-07 05:00:00+00:00,242.98,242.21,245.55,241.35,40855960,2025-01-07T05:00:00Z,0.0020230378597083654
2025-01-08 05:00:00+00:00,241.92,242.7,243.71,240.05,37613940,2025-01-08T05:00:00Z,-0.02410383189122367
2025-01-10 05:00:00+00:00,240.01,236.85,240.16,233.0,61705156,2025-01-10T05:00:00Z,-0.010344099641123039
2025-01-13 05:00:00+00:00,233.53,234.4,234.67,229.72,49630725,2025-01-13T05:00:00Z,-0.004778156996587013
2025-01-14 05:00:00+00:00,234.75,233.28,236.12,232.47,39433494,2025-01-14T05:00:00Z,0.01967592592592604
2025-01-15 05:00:00+00:00,234.63,237.87,238.96,234.43,39822169,2025-01-15T05:00:00Z,-0.040400218606802096
2025-01-16 05:00:00+00:00,237.35,228.26,238.01,228.03,71752652,2025-01-16T05:00:00Z,0.00753526680101646
2025-01-17 05:00:00+00:00,232.12,229.98,232.29,228.48,67849101,2025-01-17T05:00:00Z,-0.031915818766849346
2025-01-21 05:00:00+00:00,224.0,222.64,224.42,219.38,98070429,2025-01-21T05:00:00Z,0.005344951491196737
2025-01-22 05:00:00+00:00,219.79,223.83,224.12,219.79,64126500,2025-01-22T05:00:00Z,-0.0007595049814592691
2025-01-23 05:00:00+00:00,224.74,223.66,227.03,222.3,60234760,2025-01-23T05:00:00Z,-0.003934543503532173
2025-01-24 05:00:00+00:00,224.78,222.78,225.63,221.41,54697907,2025-01-24T05:00:00Z,0.0317802316186373
2025-01-27 05:00:00+00:00,224.02,229.86,232.15,223.98,94863418,2025-01-27T05:00:00Z,0.03654398329417896
2025-01-28 05:00:00+00:00,230.85,238.26,240.19,230.81,75682044,2025-01-28T05:00:00Z,0.004616805170821969
2025-01-29 05:00:00+00:00,234.12,239.36,239.85,234.01,45475767,2025-01-29T05:00:00Z,-0.007394719251336945
2025-01-30 05:00:00+00:00,238.66,237.59,240.79,237.21,55658279,2025-01-30T05:00:00Z,-0.006692200850204166
2025-01-31 05:00:00+00:00,247.19,236.0,247.19,233.44,101071628,2025-01-31T05:00:00Z,-0.033855932203389894
2025-02-03 05:00:00+00:00,229.99,228.01,231.83,225.7,73039761,2025-02-03T05:00:00Z,0.021007850532871464
2025-02-04 05:00:00+00:00,227.25,232.8,233.13,226.65,45014201,2025-02-04T05:00:00Z,-0.0014175257731959823
2025-02-05 05:00:00+00:00,228.53,232.47,232.67,228.27,39664989,2025-02-05T05:00:00Z,0.003226222738417883
2025-02-06 05:00:00+00:00,231.28,233.22,233.8,230.43,29869249,2025-02-06T05:00:00Z,-0.023968784838350077
2025-02-07 05:00:00+00:00,232.6,227.63,234.0,227.26,39707224,2025-02-07T05:00:00Z,8.786188112286375e-05
2025-02-10 05:00:00+00:00,229.57,227.65,230.59,227.2,33096475,2025-02-10T05:00:00Z,0.021831759279595797
2025-02-11 05:00:00+00:00,228.2,232.62,235.23,228.13,53710612,2025-02-11T05:00:00Z,0.018270140142722102
2025-02-12 05:00:00+00:00,231.2,236.87,236.96,230.68,45243281,2025-02-12T05:00:00Z,0.01967323848524516
2025-02-13 05:00:00+00:00,236.91,241.53,242.34,235.57,53614054,2025-02-13T05:00:00Z,0.012710636359872352
2025-02-14 05:00:00+00:00,241.25,244.6,245.55,240.99,40383927,2025-02-14T05:00:00Z,-0.0005314799672935244
2025-02-18 05:00:00+00:00,244.15,244.47,245.18,241.84,48822491,2025-02-18T05:00:00Z,0.001636192579866691
2025-02-19 05:00:00+00:00,244.66,244.87,246.01,243.16,32204215,2025-02-19T05:00:00Z,0.0039204475844325515
2025-02-20 05:00:00+00:00,244.94,245.83,246.78,244.29,32316907,2025-02-20T05:00:00Z,-0.0011389984948948495
2025-02-21 05:00:00+00:00,245.95,245.55,248.69,245.22,53196141,2025-02-21T05:00:00Z,0.006312360008144946
2025-02-24 05:00:00+00:00,244.93,247.1,248.86,244.42,51326396,2025-02-24T05:00:00Z,-0.00024281667341163882
2025-02-25 05:00:00+00:00,248.0,247.04,250.0,244.91,48013272,2025-02-25T05:00:00Z,-0.027040155440414382
2025-02-26 05:00:00+00:00,244.33,240.36,244.98,239.13,44433564,2025-02-26T05:00:00Z,-0.01273090364453322
2025-02-27 05:00:00+00:00,239.41,237.3,242.46,237.06,41153639,2025-02-27T05:00:00Z,0.01913190054782965
2025-02-28 05:00:00+00:00,236.95,241.84,242.09,230.2,56833349,2025-02-28T05:00:00Z,-0.015754217664571635
2025-03-03 05:00:00+00:00,241.79,238.03,244.03,236.11,47183985,2025-03-03T05:00:00Z,-0.008822417342351785
2025-03-04 05:00:00+00:00,237.71,235.93,240.07,234.68,53798024,2025-03-04T05:00:00Z,-0.0008053236129360597
2025-03-05 05:00:00+00:00,235.42,235.74,236.55,229.23,47227642,2025-03-05T05:00:00Z,-0.0017392042080257575
2025-03-06 05:00:00+00:00,234.44,235.33,237.86,233.16,45155019,2025-03-06T05:00:00Z,0.01589257638210162
2025-03-07 05:00:00+00:00,235.1,239.07,241.37,234.76,46250710,2025-03-07T05:00:00Z,-0.048479524825364995
2025-03-10 04:00:00+00:00,235.54,227.48,236.16,224.22,72071197,2025-03-10T04:00:00Z,-0.029189379286091
2025-03-11 04:00:00+00:00,223.81,220.84,225.84,217.45,76124402,2025-03-11T04:00:00Z,-0.017478717623618967
2025-03-12 04:00:00+00:00,220.14,216.98,221.75,214.91,62547467,2025-03-12T04:00:00Z,-0.03364365379297618
2025-03-13 04:00:00+00:00,215.95,209.68,216.84,208.42,61318730,2025-03-13T04:00:00Z,0.018170545593285015
2025-03-14 04:00:00+00:00,211.25,213.49,213.95,209.58,60107582,2025-03-14T04:00:00Z,0.0023888706730994524
2025-03-17 04:00:00+00:00,213.31,214.0,215.22,209.97,48073426,2025-03-17T04:00:00Z,-0.006121495327102822
2025-03-18 04:00:00+00:00,214.16,212.69,215.15,211.49,42427021,2025-03-18T04:00:00Z,0.011989280173021921
2025-03-19 04:00:00+00:00,214.22,215.24,218.76,213.75,54383891,2025-03-19T04:00:00Z,-0.005296413306076997
2025-03-20 04:00:00+00:00,213.99,214.1,217.49,212.22,48862947,2025-03-20T04:00:00Z,0.019476879962634364
2025-03-21 04:00:00+00:00,211.56,218.27,218.84,211.28,93568368,2025-03-21T04:00:00Z,0.011270444861868123
2025-03-24 04:00:00+00:00,221.0,220.73,221.48,218.58,44299483,2025-03-24T04:00:00Z,0.013681873782449117
2025-03-25 04:00:00+00:00,220.77,223.75,224.1,220.08,34493583,2025-03-25T04:00:00Z,-0.009921787709497254
2025-03-26 04:00:00+00:00,223.51,221.53,225.02,220.47,34492906,2025-03-26T04:00:00Z,0.01047262221820966
2025-03-27 04:00:00+00:00,221.39,223.85,224.99,220.56,37093374,2025-03-27T04:00:00Z,-0.026580299307571997
2025-03-28 04:00:00+00:00,221.67,217.9,223.81,217.68,39818617,2025-03-28T04:00:00Z,0.01941257457549339
2025-03-31 04:00:00+00:00,217.0,222.13,225.62,216.23,65283571,2025-03-31T04:00:00Z,0.004771980371854223
2025-04-01 04:00:00+00:00,219.81,223.19,223.68,218.9,36336840,2025-04-01T04:00:00Z,0.003136341233926254
2025-04-02 04:00:00+00:00,221.31,223.89,225.19,221.02,35905904,2025-04-02T04:00:00Z,-0.09245611684309252
2025-04-03 04:00:00+00:00,205.54,203.19,207.49,201.25,103419006,2025-04-03T04:00:00Z,-0.07288744524828983
2025-04-04 04:00:00+00:00,193.89,188.38,199.88,187.34,125897269,2025-04-04T04:00:00Z,-0.03673426053721196
2025-04-07 04:00:00+00:00,177.2,181.46,194.15,174.62,160406286,2025-04-07T04:00:00Z,-0.049818141739226385
2025-04-08 04:00:00+00:00,186.7,172.42,190.34,169.21,120696904,2025-04-08T04:00:00Z,0.15328848161466202
2025-04-09 04:00:00+00:00,171.95,198.85,200.61,171.89,184261774,2025-04-09T04:00:00Z,-0.042393764143827006
2025-04-10 04:00:00+00:00,189.06,190.42,194.78,183.0,121879981,2025-04-10T04:00:00Z,0.040594475370234306
2025-04-11 04:00:00+00:00,186.1,198.15,199.54,186.06,87435915,2025-04-11T04:00:00Z,0.022053999495331933
2025-04-14 04:00:00+00:00,211.44,202.52,212.94,201.16,101352911,2025-04-14T04:00:00Z,-0.001876357890578828
2025-04-15 04:00:00+00:00,201.85,202.14,203.51,199.8,51343872,2025-04-15T04:00:00Z,-0.03893341248639548
2025-04-16 04:00:00+00:00,198.36,194.27,200.7,192.37,59727673,2025-04-16T04:00:00Z,0.013949657692901463
2025-04-17 04:00:00+00:00,197.2,196.98,198.83,194.42,52164675,2025-04-17T04:00:00Z,-0.019392831759569518
2025-04-21 04:00:00+00:00,193.26,193.16,193.8,189.81,46742537,2025-04-21T04:00:00Z,0.03406502381445442
2025-04-22 04:00:00+00:00,196.12,199.74,201.59,195.97,52976371,2025-04-22T04:00:00Z,0.024331631120456443
2025-04-23 04:00:00+00:00,206.0,204.6,208.0,202.8,52929165,2025-04-23T04:00:00Z,0.01842619745845564
2025-04-24 04:00:00+00:00,204.89,208.37,208.83,202.94,47310989,2025-04-24T04:00:00Z,0.004367231367279345
2025-04-25 04:00:00+00:00,206.37,209.28,209.75,206.2,38222258,2025-04-25T04:00:00Z,0.004109327217125314
2025-04-28 04:00:00+00:00,210.0,210.14,211.5,207.46,38737224,2025-04-28T04:00:00Z,0.005091843532882834
2025-04-29 04:00:00+00:00,208.69,211.21,212.24,208.37,36827633,2025-04-29T04:00:00Z,0.006107665356754
2025-04-30 04:00:00+00:00,209.3,212.5,213.58,206.67,52286454,2025-04-30T04:00:00Z,0.0038588235294116924
2025-05-01 04:00:00+00:00,209.08,213.32,214.56,208.9,57364925,2025-05-01T04:00:00Z,-0.03736171010688172
2025-05-02 04:00:00+00:00,206.09,205.35,206.99,202.16,101010621,2025-05-02T04:00:00Z,-0.0314584855125396
2025-05-05 04:00:00+00:00,203.1,198.89,204.1,198.21,69018452,2025-05-05T04:00:00Z,-0.0019106038513750923
2025-05-06 04:00:00+00:00,198.21,198.51,200.65,197.02,51216482,2025-05-06T04:00:00Z,-0.011384816885799176
2025-05-07 04:00:00+00:00,199.17,196.25,199.44,193.25,68616943,2025-05-07T04:00:00Z,0.006318471337579679
2025-05-08 04:00:00+00:00,197.72,197.49,200.05,194.68,50478872,2025-05-08T04:00:00Z,0.005266089422249154
2025-05-09 04:00:00+00:00,199.0,198.53,200.54,197.53,36453923,2025-05-09T04:00:00Z,0.06175389109958185
2025-05-12 04:00:00+00:00,210.97,210.79,211.27,206.75,63775814,2025-05-12T04:00:00Z,0.010152284263959421
2025-05-13 04:00:00+00:00,210.43,212.93,213.4,209.0,51909332,2025-05-13T04:00:00Z,-0.002817827455032118
2025-05-14 04:00:00+00:00,212.43,212.33,213.94,210.58,49325825,2025-05-14T04:00:00Z,-0.004144492064239724
2025-05-15 04:00:00+00:00,210.95,211.45,212.96,209.54,45029473,2025-05-15T04:00:00Z,-0.000898557578623782
2025-05-16 04:00:00+00:00,212.36,211.26,212.57,209.77,54737850,2025-05-16T04:00:00Z,-0.011739089273880454
2025-05-19 04:00:00+00:00,207.91,208.78,209.48,204.26,46140527,2025-05-19T04:00:00Z,-0.009196283168885877
2025-05-20 04:00:00+00:00,207.67,206.86,208.47,205.03,42496635,2025-05-20T04:00:00Z,-0.0230590737696994
2025-05-21 04:00:00+00:00,205.17,202.09,207.04,200.71,59211774,2025-05-21T04:00:00Z,-0.003612251966945368
2025-05-22 04:00:00+00:00,200.71,201.36,202.75,199.7,46742407,2025-05-22T04:00:00Z,-0.030244338498212175
2025-05-23 04:00:00+00:00,193.66,195.27,197.7,193.46,78432918,2025-05-23T04:00:00Z,0.025298304911148595
2025-05-27 04:00:00+00:00,198.3,200.21,200.74,197.43,56288475,2025-05-27T04:00:00Z,0.0010488986564105574
2025-05-28 04:00:00+00:00,200.59,200.42,202.73,199.9,45339678,2025-05-28T04:00:00Z,-0.002345075341782299
2025-05-29 04:00:00+00:00,203.57,199.95,203.81,198.51,51477938,2025-05-29T04:00:00Z,0.004501125281320295
2025-05-30 04:00:00+00:00,199.37,200.85,201.96,196.78,70819942,2025-05-30T04:00:00Z,0.004232013940751678
2025-06-02 04:00:00+00:00,200.28,201.7,202.13,200.12,35423294,2025-06-02T04:00:00Z,0.007783837382250969
2025-06-03 04:00:00+00:00,201.35,203.27,203.77,200.96,46381567,2025-06-03T04:00:00Z,-0.002213804299699973
2025-06-04 04:00:00+00:00,202.91,202.82,206.24,202.1,43603985,2025-06-04T04:00:00Z,-0.010797751701015712
2025-06-05 04:00:00+00:00,203.5,200.63,204.75,200.15,55221235,2025-06-05T04:00:00Z,0.016398345212580434
2025-06-06 04:00:00+00:00,203.0,203.92,205.7,202.05,46607693,2025-06-06T04:00:00Z,-0.012112593173793651
2025-06-09 04:00:00+00:00,204.39,201.45,206.0,200.02,72862557,2025-06-09T04:00:00Z,0.006056093323405287
2025-06-10 04:00:00+00:00,200.6,202.67,204.35,200.57,54672608,2025-06-10T04:00:00Z,-0.01919376326047262
2025-06-11 04:00:00+00:00,203.5,198.78,204.5,198.41,60989857,2025-06-11T04:00:00Z,0.0021128886205854513
2025-06-12 04:00:00+00:00,199.08,199.2,199.68,197.36,43904635,2025-06-12T04:00:00Z,-0.013805220883534086
2025-06-13 04:00:00+00:00,199.73,196.45,200.37,195.7,51447349,2025-06-13T04:00:00Z,0.01002799694578771
2025-06-16 04:00:00+00:00,197.3,198.42,198.69,196.56,43020691,2025-06-16T04:00:00Z,-0.014010684406813856
2025-06-17 04:00:00+00:00,197.2,195.64,198.39,195.21,38856152,2025-06-17T04:00:00Z,0.004804743406256584
2025-06-18 04:00:00+00:00,195.94,196.58,197.57,195.07,45394689,2025-06-18T04:00:00Z,0.02248448468816755
2025-06-20 04:00:00+00:00,198.24,201.0,201.7,196.85,96813542,2025-06-20T04:00:00Z,0.0024875621890547706
2025-06-23 04:00:00+00:00,201.62,201.5,202.3,198.96,55814272,2025-06-23T04:00:00Z,-0.005955334987593042
2025-06-24 04:00:00+00:00,202.59,200.3,203.44,200.2,54064033,2025-06-24T04:00:00Z,0.006290564153769385
2025-06-25 04:00:00+00:00,201.45,201.56,203.67,200.62,39525730,2025-06-25T04:00:00Z,-0.0027783290335383626
2025-06-26 04:00:00+00:00,201.43,201.0,202.64,199.46,50799121,2025-06-26T04:00:00Z,0.0003980099502487455
2025-06-27 04:00:00+00:00,201.89,201.08,203.22,200.0,73188571,2025-06-27T04:00:00Z,0.02034016311915643
2025-06-30 04:00:00+00:00,202.01,205.17,207.39,199.26,91912816,2025-06-30T04:00:00Z,0.012916118340888127
2025-07-01 04:00:00+00:00,206.66,207.82,210.19,206.14,78788867,2025-07-01T04:00:00Z,0.022230776633625382
2025-07-02 04:00:00+00:00,208.91,212.44,213.34,208.14,67941811,2025-07-02T04:00:00Z,0.005225004707211545
2025-07-03 04:00:00+00:00,212.15,213.55,214.65,211.81,34954599,2025-07-03T04:00:00Z,-0.016857878716928232
2025-07-07 04:00:00+00:00,212.68,209.95,216.23,208.8,50228984,2025-07-07T04:00:00Z,0.0002857823291260164
2025-07-08 04:00:00+00:00,210.1,210.01,211.43,208.45,42848928,2025-07-08T04:00:00Z,0.005380696157325726
2025-07-09 04:00:00+00:00,209.53,211.14,211.33,207.22,48749367,2025-07-09T04:00:00Z,0.006014966373022679
2025-07-10 04:00:00+00:00,210.5,212.41,213.48,210.03,44443635,2025-07-10T04:00:00Z,-0.005884845346264322
2025-07-11 04:00:00+00:00,210.56,211.16,212.13,209.86,39765812,2025-07-11T04:00:00Z,-0.012028793332070409
2025-07-14 04:00:00+00:00,209.93,208.62,210.91,207.54,38840111,2025-07-14T04:00:00Z,0.0023487680951010947
2025-07-15 04:00:00+00:00,209.22,209.11,211.89,208.92,42296339,2025-07-15T04:00:00Z,0.005021280665678196
2025-07-16 04:00:00+00:00,210.29,210.16,212.4,208.64,47490532,2025-07-16T04:00:00Z,-0.0006661591168632963
2025-07-17 04:00:00+00:00,210.57,210.02,211.8,209.59,48068141,2025-07-17T04:00:00Z,0.00552328349680975
2025-07-18 04:00:00+00:00,210.87,211.18,211.79,209.7,48974591,2025-07-18T04:00:00Z,0.006155885974050479
2025-07-21 04:00:00+00:00,212.1,212.48,215.78,211.63,51377434,2025-07-21T04:00:00Z,0.009036144578313365
2025-07-22 04:00:00+00:00,213.14,214.4,214.95,212.23,46404072,2025-07-22T04:00:00Z,-0.0011660447761193682
2025-07-23 04:00:00+00:00,215.0,214.15,215.15,212.41,46989301,2025-07-23T04:00:00Z,-0.0018211533971516092
2025-07-24 04:00:00+00:00,213.9,213.76,215.69,213.53,46022620,2025-07-24T04:00:00Z,0.0005613772455090871
2025-07-25 04:00:00+00:00,214.7,213.88,215.24,213.4,40268781,2025-07-25T04:00:00Z,0.000794838227043293
2025-07-28 04:00:00+00:00,214.03,214.05,214.84,213.06,37858017,2025-07-28T04:00:00Z,-0.012987619715019827
2025-07-29 04:00:00+00:00,214.18,211.27,214.81,210.82,51411723,2025-07-29T04:00:00Z,-0.010507880910682998
2025-07-30 04:00:00+00:00,211.9,209.05,212.39,207.72,45512514,2025-07-30T04:00:00Z,-0.0070796460176991705
2025-07-31 04:00:00+00:00,208.49,207.57,209.84,207.16,80698431,2025-07-31T04:00:00Z,-0.02500361323890732
2025-08-01 04:00:00+00:00,210.87,202.38,213.58,201.5,104434473,2025-08-01T04:00:00Z,0.004792963731593991
2025-08-04 04:00:00+00:00,204.5,203.35,207.88,201.68,75109298,2025-08-04T04:00:00Z,-0.002114580772067942
2025-08-05 04:00:00+00:00,203.4,202.92,205.34,202.16,44155079,2025-08-05T04:00:00Z,0.050906761285235635
2025-08-06 04:00:00+00:00,205.63,213.25,215.38,205.59,108483103,2025-08-06T04:00:00Z,0.03179366940211015
2025-08-07 04:00:00+00:00,218.88,220.03,220.85,216.58,90224834,2025-08-07T04:00:00Z,0.04235786029177846
2025-08-08 04:00:00+00:00,220.83,229.35,231.0,219.25,113853967,2025-08-08T04:00:00Z,-0.009461521691737418
2025-08-11 04:00:00+00:00,227.92,227.18,229.56,224.76,61806132,2025-08-11T04:00:00Z,0.01087243595386922
2025-08-12 04:00:00+00:00,228.0,229.65,230.8,227.07,55672301,2025-08-12T04:00:00Z,0.016024384933594593
2025-08-13 04:00:00+00:00,231.07,233.33,235.0,230.43,69878546,2025-08-13T04:00:00Z,-0.0023571765310933523
2025-08-14 04:00:00+00:00,234.06,232.78,235.12,230.85,51916275,2025-08-14T04:00:00Z,-0.005112123034624938
2025-08-15 04:00:00+00:00,234.0,231.59,234.28,229.34,56038657,2025-08-15T04:00:00Z,-0.0030225830130835574
2025-08-18 04:00:00+00:00,231.7,230.89,233.12,230.11,37476188,2025-08-18T04:00:00Z,-0.0014292520247736196
2025-08-19 04:00:00+00:00,231.28,230.56,232.87,229.35,39402564,2025-08-19T04:00:00Z,-0.019734559333795976
2025-08-20 04:00:00+00:00,229.98,226.01,230.47,225.77,42263865,2025-08-20T04:00:00Z,-0.0049112871111897105
2025-08-21 04:00:00+00:00,226.27,224.9,226.52,223.78,30621249,2025-08-21T04:00:00Z,0.012716763005780285
2025-08-22 04:00:00+00:00,226.17,227.76,229.09,225.41,42477811,2025-08-22T04:00:00Z,-0.0026343519494204104
2025-08-25 04:00:00+00:00,226.48,227.16,229.3,226.23,30983133,2025-08-25T04:00:00Z,0.009464694488466208
2025-08-26 04:00:00+00:00,226.87,229.31,229.49,224.69,54575107,2025-08-26T04:00:00Z,0.005145872399808127
2025-08-27 04:00:00+00:00,228.61,230.49,230.9,228.26,31259513,2025-08-27T04:00:00Z,0.008980866848887104
2025-08-28 04:00:00+00:00,230.82,232.56,233.41,229.34,38074700,2025-08-28T04:00:00Z,-0.001805985552115641
2025-08-29 04:00:00+00:00,232.51,232.14,233.38,231.37,39418437,2025-08-29T04:00:00Z,-0.010424743689153027
2025-09-02 04:00:00+00:00,229.25,229.72,230.85,226.97,44075638,2025-09-02T04:00:00Z,0.038089848511231095
2025-09-03 04:00:00+00:00,237.21,238.47,238.85,234.36,66427835,2025-09-03T04:00:00Z,0.005493353461651473
2025-09-04 04:00:00+00:00,238.45,239.78,239.9,236.74,47549429,2025-09-04T04:00:00Z,-0.00037534406539330156
2025-09-05 04:00:00+00:00,240.0,239.69,241.32,238.49,54870397,2025-09-05T04:00:00Z,-0.007551420584922197
2025-09-08 04:00:00+00:00,239.3,237.88,240.15,236.34,48999495,2025-09-08T04:00:00Z,-0.014839414831007258
2025-09-09 04:00:00+00:00,237.0,234.35,238.78,233.36,66313918,2025-09-09T04:00:00Z,-0.03225944100704081
2025-09-10 04:00:00+00:00,232.19,226.79,232.42,225.95,83440810,2025-09-10T04:00:00Z,0.014286344195070466
2025-09-11 04:00:00+00:00,226.88,230.03,230.45,226.65,50208578,2025-09-11T04:00:00Z,0.017562926574794524
2025-09-12 04:00:00+00:00,229.22,234.07,234.51,229.02,55824216,2025-09-12T04:00:00Z,0.011235955056179803
2025-09-15 04:00:00+00:00,237.0,236.7,238.19,235.03,42699524,2025-09-15T04:00:00Z,0.006125897760878907
2025-09-16 04:00:00+00:00,237.18,238.15,241.22,236.32,63421099,2025-09-16T04:00:00Z,
